Location,Day,TimeSlot,Availability,AvailabilityDescription
A1,Monday,08:00 - 08:50,1,Not Available
A1,Monday,08:55 - 09:45,1,Not Available
A1,Monday,10:15 - 11:05,1,Not Available
A1,Monday,11:10 - 12:00,1,Not Available
A1,Monday,13:00 - 14:00,0,Available
A1,Monday,14:00 - 15:00,1,Not Available
A1,Monday,15:00 - 16:00,1,Not Available
A1,Monday,16:00 - 17:00,0,Available
A1,Monday,17:00 - 17:45,0,Available
A1,Tuesday,08:00 - 08:50,0,Available
A1,Tuesday,08:55 - 09:45,1,Not Available
A1,Tuesday,10:15 - 11:05,1,Not Available
A1,Tuesday,11:10 - 12:00,1,Not Available
A1,Tuesday,13:00 - 14:00,1,Not Available
A1,Tuesday,14:00 - 15:00,1,Not Available
A1,Tuesday,15:00 - 16:00,0,Available
A1,Tuesday,16:00 - 17:00,0,Available
A1,Tuesday,17:00 - 17:45,0,Available
A1,Wednesday,08:00 - 08:50,1,Not Available
A1,Wednesday,08:55 - 09:45,1,Not Available
A1,Wednesday,10:15 - 11:05,0,Available
A1,Wednesday,11:10 - 12:00,1,Not Available
A1,Wednesday,13:00 - 14:00,1,Not Available
A1,Wednesday,14:00 - 15:00,1,Not Available
A1,Wednesday,15:00 - 16:00,0,Available
A1,Wednesday,16:00 - 17:00,0,Available
A1,Wednesday,17:00 - 17:45,0,Available
A1,Thursday,08:00 - 08:50,1,Not Available
A1,Thursday,08:55 - 09:45,1,Not Available
A1,Thursday,10:15 - 11:05,1,Not Available
A1,Thursday,11:10 - 12:00,1,Not Available
A1,Thursday,13:00 - 14:00,0,Available
A1,Thursday,14:00 - 15:00,0,Available
A1,Thursday,15:00 - 16:00,0,Available
A1,Thursday,16:00 - 17:00,0,Available
A1,Thursday,17:00 - 17:45,0,Available
A1,Friday,08:00 - 08:50,0,Available
A1,Friday,08:55 - 09:45,0,Available
A1,Friday,10:15 - 11:05,1,Not Available
A1,Friday,11:10 - 12:00,1,Not Available
A1,Friday,13:00 - 14:00,0,Available
A1,Friday,14:00 - 15:00,0,Available
A1,Friday,15:00 - 16:00,0,Available
A1,Friday,16:00 - 17:00,0,Available
A1,Friday,17:00 - 17:45,0,Available
A1,Saturday,08:00 - 08:50,0,Available
A1,Saturday,08:55 - 09:45,0,Available
A1,Saturday,10:15 - 11:05,0,Available
A1,Saturday,11:10 - 12:00,0,Available
A1,Saturday,13:00 - 14:00,0,Available
A1,Saturday,14:00 - 15:00,0,Available
A1,Saturday,15:00 - 16:00,0,Available
A1,Saturday,16:00 - 17:00,0,Available
A1,Saturday,17:00 - 17:45,0,Available
A1,Sunday,08:00 - 08:50,0,Available
A1,Sunday,08:55 - 09:45,0,Available
A1,Sunday,10:15 - 11:05,0,Available
A1,Sunday,11:10 - 12:00,0,Available
A1,Sunday,13:00 - 14:00,0,Available
A1,Sunday,14:00 - 15:00,0,Available
A1,Sunday,15:00 - 16:00,0,Available
A1,Sunday,16:00 - 17:00,0,Available
A1,Sunday,17:00 - 17:45,0,Available
Activity Room - Physics,Monday,08:00 - 08:50,0,Available
Activity Room - Physics,Monday,08:55 - 09:45,0,Available
Activity Room - Physics,Monday,10:15 - 11:05,0,Available
Activity Room - Physics,Monday,11:10 - 12:00,0,Available
Activity Room - Physics,Monday,13:00 - 14:00,1,Not Available
Activity Room - Physics,Monday,14:00 - 15:00,1,Not Available
Activity Room - Physics,Monday,15:00 - 16:00,1,Not Available
Activity Room - Physics,Monday,16:00 - 17:00,0,Available
Activity Room - Physics,Monday,17:00 - 17:45,0,Available
Activity Room - Physics,Tuesday,08:00 - 08:50,1,Not Available
Activity Room - Physics,Tuesday,08:55 - 09:45,0,Available
Activity Room - Physics,Tuesday,10:15 - 11:05,1,Not Available
Activity Room - Physics,Tuesday,11:10 - 12:00,1,Not Available
Activity Room - Physics,Tuesday,13:00 - 14:00,0,Available
Activity Room - Physics,Tuesday,14:00 - 15:00,0,Available
Activity Room - Physics,Tuesday,15:00 - 16:00,0,Available
Activity Room - Physics,Tuesday,16:00 - 17:00,0,Available
Activity Room - Physics,Tuesday,17:00 - 17:45,0,Available
Activity Room - Physics,Wednesday,08:00 - 08:50,0,Available
Activity Room - Physics,Wednesday,08:55 - 09:45,1,Not Available
Activity Room - Physics,Wednesday,10:15 - 11:05,1,Not Available
Activity Room - Physics,Wednesday,11:10 - 12:00,1,Not Available
Activity Room - Physics,Wednesday,13:00 - 14:00,1,Not Available
Activity Room - Physics,Wednesday,14:00 - 15:00,1,Not Available
Activity Room - Physics,Wednesday,15:00 - 16:00,1,Not Available
Activity Room - Physics,Wednesday,16:00 - 17:00,0,Available
Activity Room - Physics,Wednesday,17:00 - 17:45,0,Available
Activity Room - Physics,Thursday,08:00 - 08:50,0,Available
Activity Room - Physics,Thursday,08:55 - 09:45,0,Available
Activity Room - Physics,Thursday,10:15 - 11:05,0,Available
Activity Room - Physics,Thursday,11:10 - 12:00,0,Available
Activity Room - Physics,Thursday,13:00 - 14:00,0,Available
Activity Room - Physics,Thursday,14:00 - 15:00,0,Available
Activity Room - Physics,Thursday,15:00 - 16:00,0,Available
Activity Room - Physics,Thursday,16:00 - 17:00,0,Available
Activity Room - Physics,Thursday,17:00 - 17:45,0,Available
Activity Room - Physics,Friday,08:00 - 08:50,1,Not Available
Activity Room - Physics,Friday,08:55 - 09:45,1,Not Available
Activity Room - Physics,Friday,10:15 - 11:05,1,Not Available
Activity Room - Physics,Friday,11:10 - 12:00,1,Not Available
Activity Room - Physics,Friday,13:00 - 14:00,0,Available
Activity Room - Physics,Friday,14:00 - 15:00,0,Available
Activity Room - Physics,Friday,15:00 - 16:00,0,Available
Activity Room - Physics,Friday,16:00 - 17:00,0,Available
Activity Room - Physics,Friday,17:00 - 17:45,0,Available
Activity Room - Physics,Saturday,08:00 - 08:50,0,Available
Activity Room - Physics,Saturday,08:55 - 09:45,0,Available
Activity Room - Physics,Saturday,10:15 - 11:05,0,Available
Activity Room - Physics,Saturday,11:10 - 12:00,0,Available
Activity Room - Physics,Saturday,13:00 - 14:00,0,Available
Activity Room - Physics,Saturday,14:00 - 15:00,0,Available
Activity Room - Physics,Saturday,15:00 - 16:00,0,Available
Activity Room - Physics,Saturday,16:00 - 17:00,0,Available
Activity Room - Physics,Saturday,17:00 - 17:45,0,Available
Activity Room - Physics,Sunday,08:00 - 08:50,0,Available
Activity Room - Physics,Sunday,08:55 - 09:45,0,Available
Activity Room - Physics,Sunday,10:15 - 11:05,0,Available
Activity Room - Physics,Sunday,11:10 - 12:00,0,Available
Activity Room - Physics,Sunday,13:00 - 14:00,0,Available
Activity Room - Physics,Sunday,14:00 - 15:00,0,Available
Activity Room - Physics,Sunday,15:00 - 16:00,0,Available
Activity Room - Physics,Sunday,16:00 - 17:00,0,Available
Activity Room - Physics,Sunday,17:00 - 17:45,0,Available
B1,Monday,08:00 - 08:50,0,Available
B1,Monday,08:55 - 09:45,0,Available
B1,Monday,10:15 - 11:05,0,Available
B1,Monday,11:10 - 12:00,0,Available
B1,Monday,13:00 - 14:00,0,Available
B1,Monday,14:00 - 15:00,1,Not Available
B1,Monday,15:00 - 16:00,1,Not Available
B1,Monday,16:00 - 17:00,0,Available
B1,Monday,17:00 - 17:45,0,Available
B1,Tuesday,08:00 - 08:50,0,Available
B1,Tuesday,08:55 - 09:45,0,Available
B1,Tuesday,10:15 - 11:05,1,Not Available
B1,Tuesday,11:10 - 12:00,1,Not Available
B1,Tuesday,13:00 - 14:00,0,Available
B1,Tuesday,14:00 - 15:00,0,Available
B1,Tuesday,15:00 - 16:00,1,Not Available
B1,Tuesday,16:00 - 17:00,1,Not Available
B1,Tuesday,17:00 - 17:45,0,Available
B1,Wednesday,08:00 - 08:50,0,Available
B1,Wednesday,08:55 - 09:45,0,Available
B1,Wednesday,10:15 - 11:05,0,Available
B1,Wednesday,11:10 - 12:00,0,Available
B1,Wednesday,13:00 - 14:00,1,Not Available
B1,Wednesday,14:00 - 15:00,1,Not Available
B1,Wednesday,15:00 - 16:00,0,Available
B1,Wednesday,16:00 - 17:00,0,Available
B1,Wednesday,17:00 - 17:45,0,Available
B1,Thursday,08:00 - 08:50,0,Available
B1,Thursday,08:55 - 09:45,0,Available
B1,Thursday,10:15 - 11:05,1,Not Available
B1,Thursday,11:10 - 12:00,1,Not Available
B1,Thursday,13:00 - 14:00,1,Not Available
B1,Thursday,14:00 - 15:00,1,Not Available
B1,Thursday,15:00 - 16:00,0,Available
B1,Thursday,16:00 - 17:00,0,Available
B1,Thursday,17:00 - 17:45,0,Available
B1,Friday,08:00 - 08:50,0,Available
B1,Friday,08:55 - 09:45,0,Available
B1,Friday,10:15 - 11:05,0,Available
B1,Friday,11:10 - 12:00,0,Available
B1,Friday,13:00 - 14:00,0,Available
B1,Friday,14:00 - 15:00,0,Available
B1,Friday,15:00 - 16:00,0,Available
B1,Friday,16:00 - 17:00,0,Available
B1,Friday,17:00 - 17:45,0,Available
B1,Saturday,08:00 - 08:50,0,Available
B1,Saturday,08:55 - 09:45,0,Available
B1,Saturday,10:15 - 11:05,0,Available
B1,Saturday,11:10 - 12:00,0,Available
B1,Saturday,13:00 - 14:00,0,Available
B1,Saturday,14:00 - 15:00,0,Available
B1,Saturday,15:00 - 16:00,0,Available
B1,Saturday,16:00 - 17:00,0,Available
B1,Saturday,17:00 - 17:45,0,Available
B1,Sunday,08:00 - 08:50,0,Available
B1,Sunday,08:55 - 09:45,0,Available
B1,Sunday,10:15 - 11:05,0,Available
B1,Sunday,11:10 - 12:00,0,Available
B1,Sunday,13:00 - 14:00,0,Available
B1,Sunday,14:00 - 15:00,0,Available
B1,Sunday,15:00 - 16:00,0,Available
B1,Sunday,16:00 - 17:00,0,Available
B1,Sunday,17:00 - 17:45,0,Available
B2,Monday,08:00 - 08:50,1,Not Available
B2,Monday,08:55 - 09:45,1,Not Available
B2,Monday,10:15 - 11:05,1,Not Available
B2,Monday,11:10 - 12:00,1,Not Available
B2,Monday,13:00 - 14:00,1,Not Available
B2,Monday,14:00 - 15:00,1,Not Available
B2,Monday,15:00 - 16:00,1,Not Available
B2,Monday,16:00 - 17:00,1,Not Available
B2,Monday,17:00 - 17:45,0,Available
B2,Tuesday,08:00 - 08:50,0,Available
B2,Tuesday,08:55 - 09:45,0,Available
B2,Tuesday,10:15 - 11:05,1,Not Available
B2,Tuesday,11:10 - 12:00,1,Not Available
B2,Tuesday,13:00 - 14:00,1,Not Available
B2,Tuesday,14:00 - 15:00,1,Not Available
B2,Tuesday,15:00 - 16:00,0,Available
B2,Tuesday,16:00 - 17:00,0,Available
B2,Tuesday,17:00 - 17:45,0,Available
B2,Wednesday,08:00 - 08:50,0,Available
B2,Wednesday,08:55 - 09:45,0,Available
B2,Wednesday,10:15 - 11:05,0,Available
B2,Wednesday,11:10 - 12:00,0,Available
B2,Wednesday,13:00 - 14:00,0,Available
B2,Wednesday,14:00 - 15:00,0,Available
B2,Wednesday,15:00 - 16:00,0,Available
B2,Wednesday,16:00 - 17:00,0,Available
B2,Wednesday,17:00 - 17:45,0,Available
B2,Thursday,08:00 - 08:50,0,Available
B2,Thursday,08:55 - 09:45,0,Available
B2,Thursday,10:15 - 11:05,1,Not Available
B2,Thursday,11:10 - 12:00,1,Not Available
B2,Thursday,13:00 - 14:00,0,Available
B2,Thursday,14:00 - 15:00,0,Available
B2,Thursday,15:00 - 16:00,0,Available
B2,Thursday,16:00 - 17:00,0,Available
B2,Thursday,17:00 - 17:45,0,Available
B2,Friday,08:00 - 08:50,0,Available
B2,Friday,08:55 - 09:45,0,Available
B2,Friday,10:15 - 11:05,0,Available
B2,Friday,11:10 - 12:00,0,Available
B2,Friday,13:00 - 14:00,1,Not Available
B2,Friday,14:00 - 15:00,1,Not Available
B2,Friday,15:00 - 16:00,0,Available
B2,Friday,16:00 - 17:00,0,Available
B2,Friday,17:00 - 17:45,0,Available
B2,Saturday,08:00 - 08:50,0,Available
B2,Saturday,08:55 - 09:45,1,Not Available
B2,Saturday,10:15 - 11:05,1,Not Available
B2,Saturday,11:10 - 12:00,1,Not Available
B2,Saturday,13:00 - 14:00,1,Not Available
B2,Saturday,14:00 - 15:00,1,Not Available
B2,Saturday,15:00 - 16:00,0,Available
B2,Saturday,16:00 - 17:00,0,Available
B2,Saturday,17:00 - 17:45,0,Available
B2,Sunday,08:00 - 08:50,0,Available
B2,Sunday,08:55 - 09:45,1,Not Available
B2,Sunday,10:15 - 11:05,1,Not Available
B2,Sunday,11:10 - 12:00,1,Not Available
B2,Sunday,13:00 - 14:00,1,Not Available
B2,Sunday,14:00 - 15:00,1,Not Available
B2,Sunday,15:00 - 16:00,1,Not Available
B2,Sunday,16:00 - 17:00,0,Available
B2,Sunday,17:00 - 17:45,0,Available
B3,Monday,08:00 - 08:50,0,Available
B3,Monday,08:55 - 09:45,0,Available
B3,Monday,10:15 - 11:05,1,Not Available
B3,Monday,11:10 - 12:00,1,Not Available
B3,Monday,13:00 - 14:00,1,Not Available
B3,Monday,14:00 - 15:00,1,Not Available
B3,Monday,15:00 - 16:00,1,Not Available
B3,Monday,16:00 - 17:00,1,Not Available
B3,Monday,17:00 - 17:45,0,Available
B3,Tuesday,08:00 - 08:50,1,Not Available
B3,Tuesday,08:55 - 09:45,1,Not Available
B3,Tuesday,10:15 - 11:05,1,Not Available
B3,Tuesday,11:10 - 12:00,1,Not Available
B3,Tuesday,13:00 - 14:00,1,Not Available
B3,Tuesday,14:00 - 15:00,1,Not Available
B3,Tuesday,15:00 - 16:00,1,Not Available
B3,Tuesday,16:00 - 17:00,1,Not Available
B3,Tuesday,17:00 - 17:45,1,Not Available
B3,Wednesday,08:00 - 08:50,1,Not Available
B3,Wednesday,08:55 - 09:45,1,Not Available
B3,Wednesday,10:15 - 11:05,1,Not Available
B3,Wednesday,11:10 - 12:00,1,Not Available
B3,Wednesday,13:00 - 14:00,0,Available
B3,Wednesday,14:00 - 15:00,0,Available
B3,Wednesday,15:00 - 16:00,0,Available
B3,Wednesday,16:00 - 17:00,0,Available
B3,Wednesday,17:00 - 17:45,0,Available
B3,Thursday,08:00 - 08:50,1,Not Available
B3,Thursday,08:55 - 09:45,1,Not Available
B3,Thursday,10:15 - 11:05,0,Available
B3,Thursday,11:10 - 12:00,0,Available
B3,Thursday,13:00 - 14:00,0,Available
B3,Thursday,14:00 - 15:00,0,Available
B3,Thursday,15:00 - 16:00,0,Available
B3,Thursday,16:00 - 17:00,0,Available
B3,Thursday,17:00 - 17:45,0,Available
B3,Friday,08:00 - 08:50,0,Available
B3,Friday,08:55 - 09:45,1,Not Available
B3,Friday,10:15 - 11:05,1,Not Available
B3,Friday,11:10 - 12:00,0,Available
B3,Friday,13:00 - 14:00,1,Not Available
B3,Friday,14:00 - 15:00,1,Not Available
B3,Friday,15:00 - 16:00,0,Available
B3,Friday,16:00 - 17:00,0,Available
B3,Friday,17:00 - 17:45,0,Available
B3,Saturday,08:00 - 08:50,0,Available
B3,Saturday,08:55 - 09:45,1,Not Available
B3,Saturday,10:15 - 11:05,1,Not Available
B3,Saturday,11:10 - 12:00,0,Available
B3,Saturday,13:00 - 14:00,0,Available
B3,Saturday,14:00 - 15:00,0,Available
B3,Saturday,15:00 - 16:00,0,Available
B3,Saturday,16:00 - 17:00,0,Available
B3,Saturday,17:00 - 17:45,0,Available
B3,Sunday,08:00 - 08:50,0,Available
B3,Sunday,08:55 - 09:45,0,Available
B3,Sunday,10:15 - 11:05,0,Available
B3,Sunday,11:10 - 12:00,0,Available
B3,Sunday,13:00 - 14:00,0,Available
B3,Sunday,14:00 - 15:00,0,Available
B3,Sunday,15:00 - 16:00,0,Available
B3,Sunday,16:00 - 17:00,0,Available
B3,Sunday,17:00 - 17:45,0,Available
BLC,Monday,08:00 - 08:50,0,Available
BLC,Monday,08:55 - 09:45,0,Available
BLC,Monday,10:15 - 11:05,0,Available
BLC,Monday,11:10 - 12:00,0,Available
BLC,Monday,13:00 - 14:00,0,Available
BLC,Monday,14:00 - 15:00,0,Available
BLC,Monday,15:00 - 16:00,0,Available
BLC,Monday,16:00 - 17:00,0,Available
BLC,Monday,17:00 - 17:45,0,Available
BLC,Tuesday,08:00 - 08:50,1,Not Available
BLC,Tuesday,08:55 - 09:45,1,Not Available
BLC,Tuesday,10:15 - 11:05,0,Available
BLC,Tuesday,11:10 - 12:00,0,Available
BLC,Tuesday,13:00 - 14:00,0,Available
BLC,Tuesday,14:00 - 15:00,0,Available
BLC,Tuesday,15:00 - 16:00,0,Available
BLC,Tuesday,16:00 - 17:00,0,Available
BLC,Tuesday,17:00 - 17:45,0,Available
BLC,Wednesday,08:00 - 08:50,0,Available
BLC,Wednesday,08:55 - 09:45,0,Available
BLC,Wednesday,10:15 - 11:05,0,Available
BLC,Wednesday,11:10 - 12:00,0,Available
BLC,Wednesday,13:00 - 14:00,0,Available
BLC,Wednesday,14:00 - 15:00,0,Available
BLC,Wednesday,15:00 - 16:00,0,Available
BLC,Wednesday,16:00 - 17:00,0,Available
BLC,Wednesday,17:00 - 17:45,0,Available
BLC,Thursday,08:00 - 08:50,0,Available
BLC,Thursday,08:55 - 09:45,0,Available
BLC,Thursday,10:15 - 11:05,0,Available
BLC,Thursday,11:10 - 12:00,0,Available
BLC,Thursday,13:00 - 14:00,0,Available
BLC,Thursday,14:00 - 15:00,0,Available
BLC,Thursday,15:00 - 16:00,0,Available
BLC,Thursday,16:00 - 17:00,0,Available
BLC,Thursday,17:00 - 17:45,0,Available
BLC,Friday,08:00 - 08:50,0,Available
BLC,Friday,08:55 - 09:45,0,Available
BLC,Friday,10:15 - 11:05,0,Available
BLC,Friday,11:10 - 12:00,0,Available
BLC,Friday,13:00 - 14:00,0,Available
BLC,Friday,14:00 - 15:00,0,Available
BLC,Friday,15:00 - 16:00,0,Available
BLC,Friday,16:00 - 17:00,0,Available
BLC,Friday,17:00 - 17:45,0,Available
BLC,Saturday,08:00 - 08:50,0,Available
BLC,Saturday,08:55 - 09:45,0,Available
BLC,Saturday,10:15 - 11:05,0,Available
BLC,Saturday,11:10 - 12:00,0,Available
BLC,Saturday,13:00 - 14:00,0,Available
BLC,Saturday,14:00 - 15:00,0,Available
BLC,Saturday,15:00 - 16:00,0,Available
BLC,Saturday,16:00 - 17:00,0,Available
BLC,Saturday,17:00 - 17:45,0,Available
BLC,Sunday,08:00 - 08:50,0,Available
BLC,Sunday,08:55 - 09:45,0,Available
BLC,Sunday,10:15 - 11:05,0,Available
BLC,Sunday,11:10 - 12:00,0,Available
BLC,Sunday,13:00 - 14:00,0,Available
BLC,Sunday,14:00 - 15:00,0,Available
BLC,Sunday,15:00 - 16:00,0,Available
BLC,Sunday,16:00 - 17:00,0,Available
BLC,Sunday,17:00 - 17:45,0,Available
BLT,Monday,08:00 - 08:50,0,Available
BLT,Monday,08:55 - 09:45,0,Available
BLT,Monday,10:15 - 11:05,0,Available
BLT,Monday,11:10 - 12:00,0,Available
BLT,Monday,13:00 - 14:00,0,Available
BLT,Monday,14:00 - 15:00,0,Available
BLT,Monday,15:00 - 16:00,0,Available
BLT,Monday,16:00 - 17:00,0,Available
BLT,Monday,17:00 - 17:45,0,Available
BLT,Tuesday,08:00 - 08:50,0,Available
BLT,Tuesday,08:55 - 09:45,0,Available
BLT,Tuesday,10:15 - 11:05,0,Available
BLT,Tuesday,11:10 - 12:00,0,Available
BLT,Tuesday,13:00 - 14:00,0,Available
BLT,Tuesday,14:00 - 15:00,0,Available
BLT,Tuesday,15:00 - 16:00,0,Available
BLT,Tuesday,16:00 - 17:00,1,Not Available
BLT,Tuesday,17:00 - 17:45,0,Available
BLT,Wednesday,08:00 - 08:50,0,Available
BLT,Wednesday,08:55 - 09:45,0,Available
BLT,Wednesday,10:15 - 11:05,1,Not Available
BLT,Wednesday,11:10 - 12:00,1,Not Available
BLT,Wednesday,13:00 - 14:00,0,Available
BLT,Wednesday,14:00 - 15:00,0,Available
BLT,Wednesday,15:00 - 16:00,0,Available
BLT,Wednesday,16:00 - 17:00,0,Available
BLT,Wednesday,17:00 - 17:45,0,Available
BLT,Thursday,08:00 - 08:50,0,Available
BLT,Thursday,08:55 - 09:45,0,Available
BLT,Thursday,10:15 - 11:05,1,Not Available
BLT,Thursday,11:10 - 12:00,0,Available
BLT,Thursday,13:00 - 14:00,0,Available
BLT,Thursday,14:00 - 15:00,0,Available
BLT,Thursday,15:00 - 16:00,0,Available
BLT,Thursday,16:00 - 17:00,0,Available
BLT,Thursday,17:00 - 17:45,0,Available
BLT,Friday,08:00 - 08:50,0,Available
BLT,Friday,08:55 - 09:45,0,Available
BLT,Friday,10:15 - 11:05,0,Available
BLT,Friday,11:10 - 12:00,0,Available
BLT,Friday,13:00 - 14:00,0,Available
BLT,Friday,14:00 - 15:00,0,Available
BLT,Friday,15:00 - 16:00,0,Available
BLT,Friday,16:00 - 17:00,0,Available
BLT,Friday,17:00 - 17:45,0,Available
BLT,Saturday,08:00 - 08:50,0,Available
BLT,Saturday,08:55 - 09:45,0,Available
BLT,Saturday,10:15 - 11:05,0,Available
BLT,Saturday,11:10 - 12:00,0,Available
BLT,Saturday,13:00 - 14:00,0,Available
BLT,Saturday,14:00 - 15:00,0,Available
BLT,Saturday,15:00 - 16:00,0,Available
BLT,Saturday,16:00 - 17:00,0,Available
BLT,Saturday,17:00 - 17:45,0,Available
BLT,Sunday,08:00 - 08:50,0,Available
BLT,Sunday,08:55 - 09:45,0,Available
BLT,Sunday,10:15 - 11:05,0,Available
BLT,Sunday,11:10 - 12:00,0,Available
BLT,Sunday,13:00 - 14:00,0,Available
BLT,Sunday,14:00 - 15:00,0,Available
BLT,Sunday,15:00 - 16:00,0,Available
BLT,Sunday,16:00 - 17:00,0,Available
BLT,Sunday,17:00 - 17:45,0,Available
C1,Monday,08:00 - 08:50,1,Not Available
C1,Monday,08:55 - 09:45,0,Available
C1,Monday,10:15 - 11:05,1,Not Available
C1,Monday,11:10 - 12:00,1,Not Available
C1,Monday,13:00 - 14:00,0,Available
C1,Monday,14:00 - 15:00,0,Available
C1,Monday,15:00 - 16:00,0,Available
C1,Monday,16:00 - 17:00,1,Not Available
C1,Monday,17:00 - 17:45,0,Available
C1,Tuesday,08:00 - 08:50,1,Not Available
C1,Tuesday,08:55 - 09:45,1,Not Available
C1,Tuesday,10:15 - 11:05,1,Not Available
C1,Tuesday,11:10 - 12:00,1,Not Available
C1,Tuesday,13:00 - 14:00,1,Not Available
C1,Tuesday,14:00 - 15:00,0,Available
C1,Tuesday,15:00 - 16:00,0,Available
C1,Tuesday,16:00 - 17:00,1,Not Available
C1,Tuesday,17:00 - 17:45,1,Not Available
C1,Wednesday,08:00 - 08:50,1,Not Available
C1,Wednesday,08:55 - 09:45,0,Available
C1,Wednesday,10:15 - 11:05,1,Not Available
C1,Wednesday,11:10 - 12:00,1,Not Available
C1,Wednesday,13:00 - 14:00,0,Available
C1,Wednesday,14:00 - 15:00,0,Available
C1,Wednesday,15:00 - 16:00,0,Available
C1,Wednesday,16:00 - 17:00,0,Available
C1,Wednesday,17:00 - 17:45,0,Available
C1,Thursday,08:00 - 08:50,1,Not Available
C1,Thursday,08:55 - 09:45,1,Not Available
C1,Thursday,10:15 - 11:05,1,Not Available
C1,Thursday,11:10 - 12:00,1,Not Available
C1,Thursday,13:00 - 14:00,1,Not Available
C1,Thursday,14:00 - 15:00,1,Not Available
C1,Thursday,15:00 - 16:00,0,Available
C1,Thursday,16:00 - 17:00,0,Available
C1,Thursday,17:00 - 17:45,0,Available
C1,Friday,08:00 - 08:50,0,Available
C1,Friday,08:55 - 09:45,0,Available
C1,Friday,10:15 - 11:05,0,Available
C1,Friday,11:10 - 12:00,0,Available
C1,Friday,13:00 - 14:00,0,Available
C1,Friday,14:00 - 15:00,0,Available
C1,Friday,15:00 - 16:00,1,Not Available
C1,Friday,16:00 - 17:00,0,Available
C1,Friday,17:00 - 17:45,0,Available
C1,Saturday,08:00 - 08:50,0,Available
C1,Saturday,08:55 - 09:45,0,Available
C1,Saturday,10:15 - 11:05,0,Available
C1,Saturday,11:10 - 12:00,0,Available
C1,Saturday,13:00 - 14:00,0,Available
C1,Saturday,14:00 - 15:00,0,Available
C1,Saturday,15:00 - 16:00,0,Available
C1,Saturday,16:00 - 17:00,0,Available
C1,Saturday,17:00 - 17:45,0,Available
C1,Sunday,08:00 - 08:50,0,Available
C1,Sunday,08:55 - 09:45,0,Available
C1,Sunday,10:15 - 11:05,0,Available
C1,Sunday,11:10 - 12:00,0,Available
C1,Sunday,13:00 - 14:00,0,Available
C1,Sunday,14:00 - 15:00,0,Available
C1,Sunday,15:00 - 16:00,0,Available
C1,Sunday,16:00 - 17:00,0,Available
C1,Sunday,17:00 - 17:45,0,Available
C2,Monday,08:00 - 08:50,0,Available
C2,Monday,08:55 - 09:45,1,Not Available
C2,Monday,10:15 - 11:05,1,Not Available
C2,Monday,11:10 - 12:00,1,Not Available
C2,Monday,13:00 - 14:00,1,Not Available
C2,Monday,14:00 - 15:00,1,Not Available
C2,Monday,15:00 - 16:00,0,Available
C2,Monday,16:00 - 17:00,0,Available
C2,Monday,17:00 - 17:45,0,Available
C2,Tuesday,08:00 - 08:50,0,Available
C2,Tuesday,08:55 - 09:45,1,Not Available
C2,Tuesday,10:15 - 11:05,1,Not Available
C2,Tuesday,11:10 - 12:00,1,Not Available
C2,Tuesday,13:00 - 14:00,1,Not Available
C2,Tuesday,14:00 - 15:00,1,Not Available
C2,Tuesday,15:00 - 16:00,1,Not Available
C2,Tuesday,16:00 - 17:00,0,Available
C2,Tuesday,17:00 - 17:45,0,Available
C2,Wednesday,08:00 - 08:50,0,Available
C2,Wednesday,08:55 - 09:45,0,Available
C2,Wednesday,10:15 - 11:05,1,Not Available
C2,Wednesday,11:10 - 12:00,1,Not Available
C2,Wednesday,13:00 - 14:00,0,Available
C2,Wednesday,14:00 - 15:00,0,Available
C2,Wednesday,15:00 - 16:00,0,Available
C2,Wednesday,16:00 - 17:00,1,Not Available
C2,Wednesday,17:00 - 17:45,0,Available
C2,Thursday,08:00 - 08:50,1,Not Available
C2,Thursday,08:55 - 09:45,1,Not Available
C2,Thursday,10:15 - 11:05,1,Not Available
C2,Thursday,11:10 - 12:00,1,Not Available
C2,Thursday,13:00 - 14:00,1,Not Available
C2,Thursday,14:00 - 15:00,1,Not Available
C2,Thursday,15:00 - 16:00,0,Available
C2,Thursday,16:00 - 17:00,0,Available
C2,Thursday,17:00 - 17:45,0,Available
C2,Friday,08:00 - 08:50,0,Available
C2,Friday,08:55 - 09:45,0,Available
C2,Friday,10:15 - 11:05,1,Not Available
C2,Friday,11:10 - 12:00,1,Not Available
C2,Friday,13:00 - 14:00,1,Not Available
C2,Friday,14:00 - 15:00,0,Available
C2,Friday,15:00 - 16:00,0,Available
C2,Friday,16:00 - 17:00,0,Available
C2,Friday,17:00 - 17:45,0,Available
C2,Saturday,08:00 - 08:50,0,Available
C2,Saturday,08:55 - 09:45,0,Available
C2,Saturday,10:15 - 11:05,0,Available
C2,Saturday,11:10 - 12:00,0,Available
C2,Saturday,13:00 - 14:00,0,Available
C2,Saturday,14:00 - 15:00,0,Available
C2,Saturday,15:00 - 16:00,0,Available
C2,Saturday,16:00 - 17:00,0,Available
C2,Saturday,17:00 - 17:45,0,Available
C2,Sunday,08:00 - 08:50,0,Available
C2,Sunday,08:55 - 09:45,0,Available
C2,Sunday,10:15 - 11:05,0,Available
C2,Sunday,11:10 - 12:00,0,Available
C2,Sunday,13:00 - 14:00,0,Available
C2,Sunday,14:00 - 15:00,0,Available
C2,Sunday,15:00 - 16:00,0,Available
C2,Sunday,16:00 - 17:00,0,Available
C2,Sunday,17:00 - 17:45,0,Available
C3,Monday,08:00 - 08:50,1,Not Available
C3,Monday,08:55 - 09:45,1,Not Available
C3,Monday,10:15 - 11:05,1,Not Available
C3,Monday,11:10 - 12:00,1,Not Available
C3,Monday,13:00 - 14:00,1,Not Available
C3,Monday,14:00 - 15:00,0,Available
C3,Monday,15:00 - 16:00,1,Not Available
C3,Monday,16:00 - 17:00,1,Not Available
C3,Monday,17:00 - 17:45,0,Available
C3,Tuesday,08:00 - 08:50,1,Not Available
C3,Tuesday,08:55 - 09:45,0,Available
C3,Tuesday,10:15 - 11:05,0,Available
C3,Tuesday,11:10 - 12:00,0,Available
C3,Tuesday,13:00 - 14:00,1,Not Available
C3,Tuesday,14:00 - 15:00,1,Not Available
C3,Tuesday,15:00 - 16:00,0,Available
C3,Tuesday,16:00 - 17:00,0,Available
C3,Tuesday,17:00 - 17:45,0,Available
C3,Wednesday,08:00 - 08:50,1,Not Available
C3,Wednesday,08:55 - 09:45,1,Not Available
C3,Wednesday,10:15 - 11:05,0,Available
C3,Wednesday,11:10 - 12:00,0,Available
C3,Wednesday,13:00 - 14:00,0,Available
C3,Wednesday,14:00 - 15:00,0,Available
C3,Wednesday,15:00 - 16:00,0,Available
C3,Wednesday,16:00 - 17:00,0,Available
C3,Wednesday,17:00 - 17:45,0,Available
C3,Thursday,08:00 - 08:50,1,Not Available
C3,Thursday,08:55 - 09:45,1,Not Available
C3,Thursday,10:15 - 11:05,1,Not Available
C3,Thursday,11:10 - 12:00,1,Not Available
C3,Thursday,13:00 - 14:00,1,Not Available
C3,Thursday,14:00 - 15:00,0,Available
C3,Thursday,15:00 - 16:00,0,Available
C3,Thursday,16:00 - 17:00,0,Available
C3,Thursday,17:00 - 17:45,0,Available
C3,Friday,08:00 - 08:50,0,Available
C3,Friday,08:55 - 09:45,0,Available
C3,Friday,10:15 - 11:05,1,Not Available
C3,Friday,11:10 - 12:00,1,Not Available
C3,Friday,13:00 - 14:00,0,Available
C3,Friday,14:00 - 15:00,0,Available
C3,Friday,15:00 - 16:00,0,Available
C3,Friday,16:00 - 17:00,0,Available
C3,Friday,17:00 - 17:45,0,Available
C3,Saturday,08:00 - 08:50,0,Available
C3,Saturday,08:55 - 09:45,0,Available
C3,Saturday,10:15 - 11:05,0,Available
C3,Saturday,11:10 - 12:00,0,Available
C3,Saturday,13:00 - 14:00,0,Available
C3,Saturday,14:00 - 15:00,0,Available
C3,Saturday,15:00 - 16:00,0,Available
C3,Saturday,16:00 - 17:00,0,Available
C3,Saturday,17:00 - 17:45,0,Available
C3,Sunday,08:00 - 08:50,0,Available
C3,Sunday,08:55 - 09:45,0,Available
C3,Sunday,10:15 - 11:05,0,Available
C3,Sunday,11:10 - 12:00,0,Available
C3,Sunday,13:00 - 14:00,0,Available
C3,Sunday,14:00 - 15:00,0,Available
C3,Sunday,15:00 - 16:00,0,Available
C3,Sunday,16:00 - 17:00,0,Available
C3,Sunday,17:00 - 17:45,0,Available
C4,Monday,08:00 - 08:50,0,Available
C4,Monday,08:55 - 09:45,0,Available
C4,Monday,10:15 - 11:05,1,Not Available
C4,Monday,11:10 - 12:00,1,Not Available
C4,Monday,13:00 - 14:00,1,Not Available
C4,Monday,14:00 - 15:00,1,Not Available
C4,Monday,15:00 - 16:00,0,Available
C4,Monday,16:00 - 17:00,0,Available
C4,Monday,17:00 - 17:45,0,Available
C4,Tuesday,08:00 - 08:50,1,Not Available
C4,Tuesday,08:55 - 09:45,0,Available
C4,Tuesday,10:15 - 11:05,1,Not Available
C4,Tuesday,11:10 - 12:00,1,Not Available
C4,Tuesday,13:00 - 14:00,1,Not Available
C4,Tuesday,14:00 - 15:00,0,Available
C4,Tuesday,15:00 - 16:00,0,Available
C4,Tuesday,16:00 - 17:00,0,Available
C4,Tuesday,17:00 - 17:45,0,Available
C4,Wednesday,08:00 - 08:50,0,Available
C4,Wednesday,08:55 - 09:45,1,Not Available
C4,Wednesday,10:15 - 11:05,1,Not Available
C4,Wednesday,11:10 - 12:00,1,Not Available
C4,Wednesday,13:00 - 14:00,1,Not Available
C4,Wednesday,14:00 - 15:00,0,Available
C4,Wednesday,15:00 - 16:00,0,Available
C4,Wednesday,16:00 - 17:00,0,Available
C4,Wednesday,17:00 - 17:45,0,Available
C4,Thursday,08:00 - 08:50,0,Available
C4,Thursday,08:55 - 09:45,0,Available
C4,Thursday,10:15 - 11:05,1,Not Available
C4,Thursday,11:10 - 12:00,1,Not Available
C4,Thursday,13:00 - 14:00,0,Available
C4,Thursday,14:00 - 15:00,0,Available
C4,Thursday,15:00 - 16:00,0,Available
C4,Thursday,16:00 - 17:00,0,Available
C4,Thursday,17:00 - 17:45,0,Available
C4,Friday,08:00 - 08:50,0,Available
C4,Friday,08:55 - 09:45,0,Available
C4,Friday,10:15 - 11:05,0,Available
C4,Friday,11:10 - 12:00,0,Available
C4,Friday,13:00 - 14:00,0,Available
C4,Friday,14:00 - 15:00,0,Available
C4,Friday,15:00 - 16:00,0,Available
C4,Friday,16:00 - 17:00,0,Available
C4,Friday,17:00 - 17:45,0,Available
C4,Saturday,08:00 - 08:50,0,Available
C4,Saturday,08:55 - 09:45,0,Available
C4,Saturday,10:15 - 11:05,0,Available
C4,Saturday,11:10 - 12:00,0,Available
C4,Saturday,13:00 - 14:00,0,Available
C4,Saturday,14:00 - 15:00,0,Available
C4,Saturday,15:00 - 16:00,0,Available
C4,Saturday,16:00 - 17:00,0,Available
C4,Saturday,17:00 - 17:45,0,Available
C4,Sunday,08:00 - 08:50,0,Available
C4,Sunday,08:55 - 09:45,0,Available
C4,Sunday,10:15 - 11:05,0,Available
C4,Sunday,11:10 - 12:00,0,Available
C4,Sunday,13:00 - 14:00,0,Available
C4,Sunday,14:00 - 15:00,0,Available
C4,Sunday,15:00 - 16:00,0,Available
C4,Sunday,16:00 - 17:00,0,Available
C4,Sunday,17:00 - 17:45,0,Available
F1,Monday,08:00 - 08:50,0,Available
F1,Monday,08:55 - 09:45,0,Available
F1,Monday,10:15 - 11:05,0,Available
F1,Monday,11:10 - 12:00,0,Available
F1,Monday,13:00 - 14:00,1,Not Available
F1,Monday,14:00 - 15:00,1,Not Available
F1,Monday,15:00 - 16:00,0,Available
F1,Monday,16:00 - 17:00,0,Available
F1,Monday,17:00 - 17:45,0,Available
F1,Tuesday,08:00 - 08:50,1,Not Available
F1,Tuesday,08:55 - 09:45,1,Not Available
F1,Tuesday,10:15 - 11:05,1,Not Available
F1,Tuesday,11:10 - 12:00,1,Not Available
F1,Tuesday,13:00 - 14:00,1,Not Available
F1,Tuesday,14:00 - 15:00,1,Not Available
F1,Tuesday,15:00 - 16:00,0,Available
F1,Tuesday,16:00 - 17:00,0,Available
F1,Tuesday,17:00 - 17:45,0,Available
F1,Wednesday,08:00 - 08:50,1,Not Available
F1,Wednesday,08:55 - 09:45,1,Not Available
F1,Wednesday,10:15 - 11:05,0,Available
F1,Wednesday,11:10 - 12:00,0,Available
F1,Wednesday,13:00 - 14:00,1,Not Available
F1,Wednesday,14:00 - 15:00,1,Not Available
F1,Wednesday,15:00 - 16:00,1,Not Available
F1,Wednesday,16:00 - 17:00,1,Not Available
F1,Wednesday,17:00 - 17:45,0,Available
F1,Thursday,08:00 - 08:50,1,Not Available
F1,Thursday,08:55 - 09:45,1,Not Available
F1,Thursday,10:15 - 11:05,1,Not Available
F1,Thursday,11:10 - 12:00,1,Not Available
F1,Thursday,13:00 - 14:00,1,Not Available
F1,Thursday,14:00 - 15:00,1,Not Available
F1,Thursday,15:00 - 16:00,1,Not Available
F1,Thursday,16:00 - 17:00,1,Not Available
F1,Thursday,17:00 - 17:45,0,Available
F1,Friday,08:00 - 08:50,0,Available
F1,Friday,08:55 - 09:45,0,Available
F1,Friday,10:15 - 11:05,0,Available
F1,Friday,11:10 - 12:00,1,Not Available
F1,Friday,13:00 - 14:00,1,Not Available
F1,Friday,14:00 - 15:00,0,Available
F1,Friday,15:00 - 16:00,0,Available
F1,Friday,16:00 - 17:00,0,Available
F1,Friday,17:00 - 17:45,0,Available
F1,Saturday,08:00 - 08:50,0,Available
F1,Saturday,08:55 - 09:45,0,Available
F1,Saturday,10:15 - 11:05,0,Available
F1,Saturday,11:10 - 12:00,0,Available
F1,Saturday,13:00 - 14:00,0,Available
F1,Saturday,14:00 - 15:00,0,Available
F1,Saturday,15:00 - 16:00,0,Available
F1,Saturday,16:00 - 17:00,0,Available
F1,Saturday,17:00 - 17:45,0,Available
F1,Sunday,08:00 - 08:50,0,Available
F1,Sunday,08:55 - 09:45,0,Available
F1,Sunday,10:15 - 11:05,0,Available
F1,Sunday,11:10 - 12:00,0,Available
F1,Sunday,13:00 - 14:00,0,Available
F1,Sunday,14:00 - 15:00,0,Available
F1,Sunday,15:00 - 16:00,0,Available
F1,Sunday,16:00 - 17:00,0,Available
F1,Sunday,17:00 - 17:45,0,Available
F2,Monday,08:00 - 08:50,0,Available
F2,Monday,08:55 - 09:45,0,Available
F2,Monday,10:15 - 11:05,1,Not Available
F2,Monday,11:10 - 12:00,1,Not Available
F2,Monday,13:00 - 14:00,0,Available
F2,Monday,14:00 - 15:00,1,Not Available
F2,Monday,15:00 - 16:00,0,Available
F2,Monday,16:00 - 17:00,0,Available
F2,Monday,17:00 - 17:45,0,Available
F2,Tuesday,08:00 - 08:50,0,Available
F2,Tuesday,08:55 - 09:45,0,Available
F2,Tuesday,10:15 - 11:05,1,Not Available
F2,Tuesday,11:10 - 12:00,1,Not Available
F2,Tuesday,13:00 - 14:00,1,Not Available
F2,Tuesday,14:00 - 15:00,1,Not Available
F2,Tuesday,15:00 - 16:00,0,Available
F2,Tuesday,16:00 - 17:00,0,Available
F2,Tuesday,17:00 - 17:45,0,Available
F2,Wednesday,08:00 - 08:50,1,Not Available
F2,Wednesday,08:55 - 09:45,1,Not Available
F2,Wednesday,10:15 - 11:05,0,Available
F2,Wednesday,11:10 - 12:00,0,Available
F2,Wednesday,13:00 - 14:00,0,Available
F2,Wednesday,14:00 - 15:00,0,Available
F2,Wednesday,15:00 - 16:00,0,Available
F2,Wednesday,16:00 - 17:00,0,Available
F2,Wednesday,17:00 - 17:45,0,Available
F2,Thursday,08:00 - 08:50,0,Available
F2,Thursday,08:55 - 09:45,0,Available
F2,Thursday,10:15 - 11:05,1,Not Available
F2,Thursday,11:10 - 12:00,1,Not Available
F2,Thursday,13:00 - 14:00,1,Not Available
F2,Thursday,14:00 - 15:00,0,Available
F2,Thursday,15:00 - 16:00,0,Available
F2,Thursday,16:00 - 17:00,0,Available
F2,Thursday,17:00 - 17:45,0,Available
F2,Friday,08:00 - 08:50,0,Available
F2,Friday,08:55 - 09:45,0,Available
F2,Friday,10:15 - 11:05,0,Available
F2,Friday,11:10 - 12:00,0,Available
F2,Friday,13:00 - 14:00,0,Available
F2,Friday,14:00 - 15:00,0,Available
F2,Friday,15:00 - 16:00,0,Available
F2,Friday,16:00 - 17:00,0,Available
F2,Friday,17:00 - 17:45,0,Available
F2,Saturday,08:00 - 08:50,0,Available
F2,Saturday,08:55 - 09:45,0,Available
F2,Saturday,10:15 - 11:05,0,Available
F2,Saturday,11:10 - 12:00,0,Available
F2,Saturday,13:00 - 14:00,0,Available
F2,Saturday,14:00 - 15:00,0,Available
F2,Saturday,15:00 - 16:00,0,Available
F2,Saturday,16:00 - 17:00,0,Available
F2,Saturday,17:00 - 17:45,0,Available
F2,Sunday,08:00 - 08:50,0,Available
F2,Sunday,08:55 - 09:45,0,Available
F2,Sunday,10:15 - 11:05,0,Available
F2,Sunday,11:10 - 12:00,0,Available
F2,Sunday,13:00 - 14:00,0,Available
F2,Sunday,14:00 - 15:00,0,Available
F2,Sunday,15:00 - 16:00,0,Available
F2,Sunday,16:00 - 17:00,0,Available
F2,Sunday,17:00 - 17:45,0,Available
F3,Monday,08:00 - 08:50,0,Available
F3,Monday,08:55 - 09:45,0,Available
F3,Monday,10:15 - 11:05,0,Available
F3,Monday,11:10 - 12:00,0,Available
F3,Monday,13:00 - 14:00,0,Available
F3,Monday,14:00 - 15:00,0,Available
F3,Monday,15:00 - 16:00,0,Available
F3,Monday,16:00 - 17:00,0,Available
F3,Monday,17:00 - 17:45,0,Available
F3,Tuesday,08:00 - 08:50,0,Available
F3,Tuesday,08:55 - 09:45,0,Available
F3,Tuesday,10:15 - 11:05,0,Available
F3,Tuesday,11:10 - 12:00,0,Available
F3,Tuesday,13:00 - 14:00,0,Available
F3,Tuesday,14:00 - 15:00,0,Available
F3,Tuesday,15:00 - 16:00,0,Available
F3,Tuesday,16:00 - 17:00,0,Available
F3,Tuesday,17:00 - 17:45,0,Available
F3,Wednesday,08:00 - 08:50,1,Not Available
F3,Wednesday,08:55 - 09:45,1,Not Available
F3,Wednesday,10:15 - 11:05,0,Available
F3,Wednesday,11:10 - 12:00,0,Available
F3,Wednesday,13:00 - 14:00,0,Available
F3,Wednesday,14:00 - 15:00,0,Available
F3,Wednesday,15:00 - 16:00,0,Available
F3,Wednesday,16:00 - 17:00,0,Available
F3,Wednesday,17:00 - 17:45,0,Available
F3,Thursday,08:00 - 08:50,1,Not Available
F3,Thursday,08:55 - 09:45,1,Not Available
F3,Thursday,10:15 - 11:05,1,Not Available
F3,Thursday,11:10 - 12:00,1,Not Available
F3,Thursday,13:00 - 14:00,1,Not Available
F3,Thursday,14:00 - 15:00,1,Not Available
F3,Thursday,15:00 - 16:00,0,Available
F3,Thursday,16:00 - 17:00,0,Available
F3,Thursday,17:00 - 17:45,0,Available
F3,Friday,08:00 - 08:50,1,Not Available
F3,Friday,08:55 - 09:45,0,Available
F3,Friday,10:15 - 11:05,0,Available
F3,Friday,11:10 - 12:00,0,Available
F3,Friday,13:00 - 14:00,0,Available
F3,Friday,14:00 - 15:00,0,Available
F3,Friday,15:00 - 16:00,0,Available
F3,Friday,16:00 - 17:00,0,Available
F3,Friday,17:00 - 17:45,0,Available
F3,Saturday,08:00 - 08:50,0,Available
F3,Saturday,08:55 - 09:45,0,Available
F3,Saturday,10:15 - 11:05,0,Available
F3,Saturday,11:10 - 12:00,0,Available
F3,Saturday,13:00 - 14:00,0,Available
F3,Saturday,14:00 - 15:00,0,Available
F3,Saturday,15:00 - 16:00,0,Available
F3,Saturday,16:00 - 17:00,0,Available
F3,Saturday,17:00 - 17:45,0,Available
F3,Sunday,08:00 - 08:50,0,Available
F3,Sunday,08:55 - 09:45,0,Available
F3,Sunday,10:15 - 11:05,0,Available
F3,Sunday,11:10 - 12:00,0,Available
F3,Sunday,13:00 - 14:00,0,Available
F3,Sunday,14:00 - 15:00,0,Available
F3,Sunday,15:00 - 16:00,0,Available
F3,Sunday,16:00 - 17:00,0,Available
F3,Sunday,17:00 - 17:45,0,Available
L2,Monday,08:00 - 08:50,0,Available
L2,Monday,08:55 - 09:45,0,Available
L2,Monday,10:15 - 11:05,0,Available
L2,Monday,11:10 - 12:00,0,Available
L2,Monday,13:00 - 14:00,0,Available
L2,Monday,14:00 - 15:00,0,Available
L2,Monday,15:00 - 16:00,0,Available
L2,Monday,16:00 - 17:00,0,Available
L2,Monday,17:00 - 17:45,0,Available
L2,Tuesday,08:00 - 08:50,0,Available
L2,Tuesday,08:55 - 09:45,0,Available
L2,Tuesday,10:15 - 11:05,0,Available
L2,Tuesday,11:10 - 12:00,0,Available
L2,Tuesday,13:00 - 14:00,0,Available
L2,Tuesday,14:00 - 15:00,0,Available
L2,Tuesday,15:00 - 16:00,0,Available
L2,Tuesday,16:00 - 17:00,0,Available
L2,Tuesday,17:00 - 17:45,0,Available
L2,Wednesday,08:00 - 08:50,0,Available
L2,Wednesday,08:55 - 09:45,0,Available
L2,Wednesday,10:15 - 11:05,0,Available
L2,Wednesday,11:10 - 12:00,0,Available
L2,Wednesday,13:00 - 14:00,0,Available
L2,Wednesday,14:00 - 15:00,0,Available
L2,Wednesday,15:00 - 16:00,0,Available
L2,Wednesday,16:00 - 17:00,1,Not Available
L2,Wednesday,17:00 - 17:45,0,Available
L2,Thursday,08:00 - 08:50,0,Available
L2,Thursday,08:55 - 09:45,0,Available
L2,Thursday,10:15 - 11:05,0,Available
L2,Thursday,11:10 - 12:00,0,Available
L2,Thursday,13:00 - 14:00,0,Available
L2,Thursday,14:00 - 15:00,0,Available
L2,Thursday,15:00 - 16:00,0,Available
L2,Thursday,16:00 - 17:00,1,Not Available
L2,Thursday,17:00 - 17:45,0,Available
L2,Friday,08:00 - 08:50,0,Available
L2,Friday,08:55 - 09:45,0,Available
L2,Friday,10:15 - 11:05,0,Available
L2,Friday,11:10 - 12:00,0,Available
L2,Friday,13:00 - 14:00,0,Available
L2,Friday,14:00 - 15:00,0,Available
L2,Friday,15:00 - 16:00,0,Available
L2,Friday,16:00 - 17:00,0,Available
L2,Friday,17:00 - 17:45,0,Available
L2,Saturday,08:00 - 08:50,0,Available
L2,Saturday,08:55 - 09:45,0,Available
L2,Saturday,10:15 - 11:05,0,Available
L2,Saturday,11:10 - 12:00,0,Available
L2,Saturday,13:00 - 14:00,0,Available
L2,Saturday,14:00 - 15:00,0,Available
L2,Saturday,15:00 - 16:00,0,Available
L2,Saturday,16:00 - 17:00,0,Available
L2,Saturday,17:00 - 17:45,0,Available
L2,Sunday,08:00 - 08:50,0,Available
L2,Sunday,08:55 - 09:45,0,Available
L2,Sunday,10:15 - 11:05,0,Available
L2,Sunday,11:10 - 12:00,0,Available
L2,Sunday,13:00 - 14:00,0,Available
L2,Sunday,14:00 - 15:00,0,Available
L2,Sunday,15:00 - 16:00,0,Available
L2,Sunday,16:00 - 17:00,0,Available
L2,Sunday,17:00 - 17:45,0,Available
LCS1,Monday,08:00 - 08:50,1,Not Available
LCS1,Monday,08:55 - 09:45,1,Not Available
LCS1,Monday,10:15 - 11:05,0,Available
LCS1,Monday,11:10 - 12:00,0,Available
LCS1,Monday,13:00 - 14:00,0,Available
LCS1,Monday,14:00 - 15:00,0,Available
LCS1,Monday,15:00 - 16:00,0,Available
LCS1,Monday,16:00 - 17:00,1,Not Available
LCS1,Monday,17:00 - 17:45,1,Not Available
LCS1,Tuesday,08:00 - 08:50,0,Available
LCS1,Tuesday,08:55 - 09:45,0,Available
LCS1,Tuesday,10:15 - 11:05,0,Available
LCS1,Tuesday,11:10 - 12:00,0,Available
LCS1,Tuesday,13:00 - 14:00,1,Not Available
LCS1,Tuesday,14:00 - 15:00,1,Not Available
LCS1,Tuesday,15:00 - 16:00,1,Not Available
LCS1,Tuesday,16:00 - 17:00,1,Not Available
LCS1,Tuesday,17:00 - 17:45,0,Available
LCS1,Wednesday,08:00 - 08:50,1,Not Available
LCS1,Wednesday,08:55 - 09:45,1,Not Available
LCS1,Wednesday,10:15 - 11:05,0,Available
LCS1,Wednesday,11:10 - 12:00,0,Available
LCS1,Wednesday,13:00 - 14:00,0,Available
LCS1,Wednesday,14:00 - 15:00,0,Available
LCS1,Wednesday,15:00 - 16:00,0,Available
LCS1,Wednesday,16:00 - 17:00,0,Available
LCS1,Wednesday,17:00 - 17:45,0,Available
LCS1,Thursday,08:00 - 08:50,0,Available
LCS1,Thursday,08:55 - 09:45,0,Available
LCS1,Thursday,10:15 - 11:05,0,Available
LCS1,Thursday,11:10 - 12:00,0,Available
LCS1,Thursday,13:00 - 14:00,0,Available
LCS1,Thursday,14:00 - 15:00,0,Available
LCS1,Thursday,15:00 - 16:00,0,Available
LCS1,Thursday,16:00 - 17:00,0,Available
LCS1,Thursday,17:00 - 17:45,0,Available
LCS1,Friday,08:00 - 08:50,0,Available
LCS1,Friday,08:55 - 09:45,0,Available
LCS1,Friday,10:15 - 11:05,0,Available
LCS1,Friday,11:10 - 12:00,0,Available
LCS1,Friday,13:00 - 14:00,0,Available
LCS1,Friday,14:00 - 15:00,0,Available
LCS1,Friday,15:00 - 16:00,0,Available
LCS1,Friday,16:00 - 17:00,0,Available
LCS1,Friday,17:00 - 17:45,0,Available
LCS1,Saturday,08:00 - 08:50,0,Available
LCS1,Saturday,08:55 - 09:45,0,Available
LCS1,Saturday,10:15 - 11:05,0,Available
LCS1,Saturday,11:10 - 12:00,0,Available
LCS1,Saturday,13:00 - 14:00,0,Available
LCS1,Saturday,14:00 - 15:00,0,Available
LCS1,Saturday,15:00 - 16:00,0,Available
LCS1,Saturday,16:00 - 17:00,0,Available
LCS1,Saturday,17:00 - 17:45,0,Available
LCS1,Sunday,08:00 - 08:50,0,Available
LCS1,Sunday,08:55 - 09:45,0,Available
LCS1,Sunday,10:15 - 11:05,0,Available
LCS1,Sunday,11:10 - 12:00,0,Available
LCS1,Sunday,13:00 - 14:00,0,Available
LCS1,Sunday,14:00 - 15:00,0,Available
LCS1,Sunday,15:00 - 16:00,0,Available
LCS1,Sunday,16:00 - 17:00,0,Available
LCS1,Sunday,17:00 - 17:45,0,Available
LCS2,Monday,08:00 - 08:50,0,Available
LCS2,Monday,08:55 - 09:45,0,Available
LCS2,Monday,10:15 - 11:05,0,Available
LCS2,Monday,11:10 - 12:00,0,Available
LCS2,Monday,13:00 - 14:00,0,Available
LCS2,Monday,14:00 - 15:00,0,Available
LCS2,Monday,15:00 - 16:00,0,Available
LCS2,Monday,16:00 - 17:00,0,Available
LCS2,Monday,17:00 - 17:45,0,Available
LCS2,Tuesday,08:00 - 08:50,0,Available
LCS2,Tuesday,08:55 - 09:45,0,Available
LCS2,Tuesday,10:15 - 11:05,0,Available
LCS2,Tuesday,11:10 - 12:00,0,Available
LCS2,Tuesday,13:00 - 14:00,0,Available
LCS2,Tuesday,14:00 - 15:00,0,Available
LCS2,Tuesday,15:00 - 16:00,0,Available
LCS2,Tuesday,16:00 - 17:00,0,Available
LCS2,Tuesday,17:00 - 17:45,0,Available
LCS2,Wednesday,08:00 - 08:50,0,Available
LCS2,Wednesday,08:55 - 09:45,0,Available
LCS2,Wednesday,10:15 - 11:05,0,Available
LCS2,Wednesday,11:10 - 12:00,0,Available
LCS2,Wednesday,13:00 - 14:00,0,Available
LCS2,Wednesday,14:00 - 15:00,0,Available
LCS2,Wednesday,15:00 - 16:00,0,Available
LCS2,Wednesday,16:00 - 17:00,0,Available
LCS2,Wednesday,17:00 - 17:45,0,Available
LCS2,Thursday,08:00 - 08:50,0,Available
LCS2,Thursday,08:55 - 09:45,0,Available
LCS2,Thursday,10:15 - 11:05,1,Not Available
LCS2,Thursday,11:10 - 12:00,1,Not Available
LCS2,Thursday,13:00 - 14:00,1,Not Available
LCS2,Thursday,14:00 - 15:00,1,Not Available
LCS2,Thursday,15:00 - 16:00,0,Available
LCS2,Thursday,16:00 - 17:00,0,Available
LCS2,Thursday,17:00 - 17:45,0,Available
LCS2,Friday,08:00 - 08:50,0,Available
LCS2,Friday,08:55 - 09:45,0,Available
LCS2,Friday,10:15 - 11:05,0,Available
LCS2,Friday,11:10 - 12:00,0,Available
LCS2,Friday,13:00 - 14:00,0,Available
LCS2,Friday,14:00 - 15:00,0,Available
LCS2,Friday,15:00 - 16:00,0,Available
LCS2,Friday,16:00 - 17:00,0,Available
LCS2,Friday,17:00 - 17:45,0,Available
LCS2,Saturday,08:00 - 08:50,0,Available
LCS2,Saturday,08:55 - 09:45,0,Available
LCS2,Saturday,10:15 - 11:05,0,Available
LCS2,Saturday,11:10 - 12:00,0,Available
LCS2,Saturday,13:00 - 14:00,0,Available
LCS2,Saturday,14:00 - 15:00,0,Available
LCS2,Saturday,15:00 - 16:00,0,Available
LCS2,Saturday,16:00 - 17:00,0,Available
LCS2,Saturday,17:00 - 17:45,0,Available
LCS2,Sunday,08:00 - 08:50,0,Available
LCS2,Sunday,08:55 - 09:45,0,Available
LCS2,Sunday,10:15 - 11:05,0,Available
LCS2,Sunday,11:10 - 12:00,0,Available
LCS2,Sunday,13:00 - 14:00,0,Available
LCS2,Sunday,14:00 - 15:00,0,Available
LCS2,Sunday,15:00 - 16:00,0,Available
LCS2,Sunday,16:00 - 17:00,0,Available
LCS2,Sunday,17:00 - 17:45,0,Available
M1,Monday,08:00 - 08:50,1,Not Available
M1,Monday,08:55 - 09:45,0,Available
M1,Monday,10:15 - 11:05,0,Available
M1,Monday,11:10 - 12:00,0,Available
M1,Monday,13:00 - 14:00,1,Not Available
M1,Monday,14:00 - 15:00,1,Not Available
M1,Monday,15:00 - 16:00,0,Available
M1,Monday,16:00 - 17:00,0,Available
M1,Monday,17:00 - 17:45,0,Available
M1,Tuesday,08:00 - 08:50,0,Available
M1,Tuesday,08:55 - 09:45,1,Not Available
M1,Tuesday,10:15 - 11:05,1,Not Available
M1,Tuesday,11:10 - 12:00,1,Not Available
M1,Tuesday,13:00 - 14:00,1,Not Available
M1,Tuesday,14:00 - 15:00,1,Not Available
M1,Tuesday,15:00 - 16:00,1,Not Available
M1,Tuesday,16:00 - 17:00,0,Available
M1,Tuesday,17:00 - 17:45,0,Available
M1,Wednesday,08:00 - 08:50,1,Not Available
M1,Wednesday,08:55 - 09:45,1,Not Available
M1,Wednesday,10:15 - 11:05,1,Not Available
M1,Wednesday,11:10 - 12:00,1,Not Available
M1,Wednesday,13:00 - 14:00,1,Not Available
M1,Wednesday,14:00 - 15:00,1,Not Available
M1,Wednesday,15:00 - 16:00,0,Available
M1,Wednesday,16:00 - 17:00,0,Available
M1,Wednesday,17:00 - 17:45,0,Available
M1,Thursday,08:00 - 08:50,0,Available
M1,Thursday,08:55 - 09:45,1,Not Available
M1,Thursday,10:15 - 11:05,0,Available
M1,Thursday,11:10 - 12:00,0,Available
M1,Thursday,13:00 - 14:00,0,Available
M1,Thursday,14:00 - 15:00,1,Not Available
M1,Thursday,15:00 - 16:00,0,Available
M1,Thursday,16:00 - 17:00,0,Available
M1,Thursday,17:00 - 17:45,0,Available
M1,Friday,08:00 - 08:50,1,Not Available
M1,Friday,08:55 - 09:45,1,Not Available
M1,Friday,10:15 - 11:05,1,Not Available
M1,Friday,11:10 - 12:00,0,Available
M1,Friday,13:00 - 14:00,1,Not Available
M1,Friday,14:00 - 15:00,1,Not Available
M1,Friday,15:00 - 16:00,1,Not Available
M1,Friday,16:00 - 17:00,0,Available
M1,Friday,17:00 - 17:45,0,Available
M1,Saturday,08:00 - 08:50,0,Available
M1,Saturday,08:55 - 09:45,0,Available
M1,Saturday,10:15 - 11:05,0,Available
M1,Saturday,11:10 - 12:00,0,Available
M1,Saturday,13:00 - 14:00,0,Available
M1,Saturday,14:00 - 15:00,0,Available
M1,Saturday,15:00 - 16:00,0,Available
M1,Saturday,16:00 - 17:00,0,Available
M1,Saturday,17:00 - 17:45,0,Available
M1,Sunday,08:00 - 08:50,0,Available
M1,Sunday,08:55 - 09:45,0,Available
M1,Sunday,10:15 - 11:05,0,Available
M1,Sunday,11:10 - 12:00,0,Available
M1,Sunday,13:00 - 14:00,0,Available
M1,Sunday,14:00 - 15:00,0,Available
M1,Sunday,15:00 - 16:00,0,Available
M1,Sunday,16:00 - 17:00,0,Available
M1,Sunday,17:00 - 17:45,0,Available
M2,Monday,08:00 - 08:50,1,Not Available
M2,Monday,08:55 - 09:45,1,Not Available
M2,Monday,10:15 - 11:05,1,Not Available
M2,Monday,11:10 - 12:00,1,Not Available
M2,Monday,13:00 - 14:00,0,Available
M2,Monday,14:00 - 15:00,0,Available
M2,Monday,15:00 - 16:00,0,Available
M2,Monday,16:00 - 17:00,0,Available
M2,Monday,17:00 - 17:45,0,Available
M2,Tuesday,08:00 - 08:50,0,Available
M2,Tuesday,08:55 - 09:45,0,Available
M2,Tuesday,10:15 - 11:05,0,Available
M2,Tuesday,11:10 - 12:00,0,Available
M2,Tuesday,13:00 - 14:00,1,Not Available
M2,Tuesday,14:00 - 15:00,1,Not Available
M2,Tuesday,15:00 - 16:00,0,Available
M2,Tuesday,16:00 - 17:00,0,Available
M2,Tuesday,17:00 - 17:45,0,Available
M2,Wednesday,08:00 - 08:50,1,Not Available
M2,Wednesday,08:55 - 09:45,1,Not Available
M2,Wednesday,10:15 - 11:05,1,Not Available
M2,Wednesday,11:10 - 12:00,1,Not Available
M2,Wednesday,13:00 - 14:00,0,Available
M2,Wednesday,14:00 - 15:00,0,Available
M2,Wednesday,15:00 - 16:00,0,Available
M2,Wednesday,16:00 - 17:00,0,Available
M2,Wednesday,17:00 - 17:45,0,Available
M2,Thursday,08:00 - 08:50,0,Available
M2,Thursday,08:55 - 09:45,0,Available
M2,Thursday,10:15 - 11:05,1,Not Available
M2,Thursday,11:10 - 12:00,1,Not Available
M2,Thursday,13:00 - 14:00,0,Available
M2,Thursday,14:00 - 15:00,0,Available
M2,Thursday,15:00 - 16:00,0,Available
M2,Thursday,16:00 - 17:00,0,Available
M2,Thursday,17:00 - 17:45,0,Available
M2,Friday,08:00 - 08:50,0,Available
M2,Friday,08:55 - 09:45,0,Available
M2,Friday,10:15 - 11:05,1,Not Available
M2,Friday,11:10 - 12:00,1,Not Available
M2,Friday,13:00 - 14:00,0,Available
M2,Friday,14:00 - 15:00,0,Available
M2,Friday,15:00 - 16:00,0,Available
M2,Friday,16:00 - 17:00,0,Available
M2,Friday,17:00 - 17:45,0,Available
M2,Saturday,08:00 - 08:50,0,Available
M2,Saturday,08:55 - 09:45,0,Available
M2,Saturday,10:15 - 11:05,0,Available
M2,Saturday,11:10 - 12:00,0,Available
M2,Saturday,13:00 - 14:00,0,Available
M2,Saturday,14:00 - 15:00,0,Available
M2,Saturday,15:00 - 16:00,0,Available
M2,Saturday,16:00 - 17:00,0,Available
M2,Saturday,17:00 - 17:45,0,Available
M2,Sunday,08:00 - 08:50,0,Available
M2,Sunday,08:55 - 09:45,0,Available
M2,Sunday,10:15 - 11:05,0,Available
M2,Sunday,11:10 - 12:00,0,Available
M2,Sunday,13:00 - 14:00,0,Available
M2,Sunday,14:00 - 15:00,0,Available
M2,Sunday,15:00 - 16:00,0,Available
M2,Sunday,16:00 - 17:00,0,Available
M2,Sunday,17:00 - 17:45,0,Available
NFC2,Monday,08:00 - 08:50,1,Not Available
NFC2,Monday,08:55 - 09:45,1,Not Available
NFC2,Monday,10:15 - 11:05,1,Not Available
NFC2,Monday,11:10 - 12:00,1,Not Available
NFC2,Monday,13:00 - 14:00,0,Available
NFC2,Monday,14:00 - 15:00,0,Available
NFC2,Monday,15:00 - 16:00,0,Available
NFC2,Monday,16:00 - 17:00,0,Available
NFC2,Monday,17:00 - 17:45,0,Available
NFC2,Tuesday,08:00 - 08:50,0,Available
NFC2,Tuesday,08:55 - 09:45,0,Available
NFC2,Tuesday,10:15 - 11:05,0,Available
NFC2,Tuesday,11:10 - 12:00,1,Not Available
NFC2,Tuesday,13:00 - 14:00,1,Not Available
NFC2,Tuesday,14:00 - 15:00,1,Not Available
NFC2,Tuesday,15:00 - 16:00,0,Available
NFC2,Tuesday,16:00 - 17:00,0,Available
NFC2,Tuesday,17:00 - 17:45,0,Available
NFC2,Wednesday,08:00 - 08:50,0,Available
NFC2,Wednesday,08:55 - 09:45,0,Available
NFC2,Wednesday,10:15 - 11:05,1,Not Available
NFC2,Wednesday,11:10 - 12:00,1,Not Available
NFC2,Wednesday,13:00 - 14:00,1,Not Available
NFC2,Wednesday,14:00 - 15:00,1,Not Available
NFC2,Wednesday,15:00 - 16:00,0,Available
NFC2,Wednesday,16:00 - 17:00,0,Available
NFC2,Wednesday,17:00 - 17:45,0,Available
NFC2,Thursday,08:00 - 08:50,1,Not Available
NFC2,Thursday,08:55 - 09:45,1,Not Available
NFC2,Thursday,10:15 - 11:05,1,Not Available
NFC2,Thursday,11:10 - 12:00,1,Not Available
NFC2,Thursday,13:00 - 14:00,0,Available
NFC2,Thursday,14:00 - 15:00,0,Available
NFC2,Thursday,15:00 - 16:00,0,Available
NFC2,Thursday,16:00 - 17:00,0,Available
NFC2,Thursday,17:00 - 17:45,0,Available
NFC2,Friday,08:00 - 08:50,1,Not Available
NFC2,Friday,08:55 - 09:45,1,Not Available
NFC2,Friday,10:15 - 11:05,1,Not Available
NFC2,Friday,11:10 - 12:00,1,Not Available
NFC2,Friday,13:00 - 14:00,1,Not Available
NFC2,Friday,14:00 - 15:00,1,Not Available
NFC2,Friday,15:00 - 16:00,0,Available
NFC2,Friday,16:00 - 17:00,0,Available
NFC2,Friday,17:00 - 17:45,0,Available
NFC2,Saturday,08:00 - 08:50,0,Available
NFC2,Saturday,08:55 - 09:45,0,Available
NFC2,Saturday,10:15 - 11:05,0,Available
NFC2,Saturday,11:10 - 12:00,0,Available
NFC2,Saturday,13:00 - 14:00,0,Available
NFC2,Saturday,14:00 - 15:00,0,Available
NFC2,Saturday,15:00 - 16:00,0,Available
NFC2,Saturday,16:00 - 17:00,0,Available
NFC2,Saturday,17:00 - 17:45,0,Available
NFC2,Sunday,08:00 - 08:50,0,Available
NFC2,Sunday,08:55 - 09:45,0,Available
NFC2,Sunday,10:15 - 11:05,0,Available
NFC2,Sunday,11:10 - 12:00,0,Available
NFC2,Sunday,13:00 - 14:00,0,Available
NFC2,Sunday,14:00 - 15:00,0,Available
NFC2,Sunday,15:00 - 16:00,0,Available
NFC2,Sunday,16:00 - 17:00,0,Available
NFC2,Sunday,17:00 - 17:45,0,Available
NFC3,Monday,08:00 - 08:50,1,Not Available
NFC3,Monday,08:55 - 09:45,1,Not Available
NFC3,Monday,10:15 - 11:05,1,Not Available
NFC3,Monday,11:10 - 12:00,1,Not Available
NFC3,Monday,13:00 - 14:00,0,Available
NFC3,Monday,14:00 - 15:00,1,Not Available
NFC3,Monday,15:00 - 16:00,1,Not Available
NFC3,Monday,16:00 - 17:00,1,Not Available
NFC3,Monday,17:00 - 17:45,1,Not Available
NFC3,Tuesday,08:00 - 08:50,1,Not Available
NFC3,Tuesday,08:55 - 09:45,1,Not Available
NFC3,Tuesday,10:15 - 11:05,1,Not Available
NFC3,Tuesday,11:10 - 12:00,1,Not Available
NFC3,Tuesday,13:00 - 14:00,1,Not Available
NFC3,Tuesday,14:00 - 15:00,1,Not Available
NFC3,Tuesday,15:00 - 16:00,0,Available
NFC3,Tuesday,16:00 - 17:00,0,Available
NFC3,Tuesday,17:00 - 17:45,0,Available
NFC3,Wednesday,08:00 - 08:50,1,Not Available
NFC3,Wednesday,08:55 - 09:45,1,Not Available
NFC3,Wednesday,10:15 - 11:05,1,Not Available
NFC3,Wednesday,11:10 - 12:00,1,Not Available
NFC3,Wednesday,13:00 - 14:00,1,Not Available
NFC3,Wednesday,14:00 - 15:00,1,Not Available
NFC3,Wednesday,15:00 - 16:00,0,Available
NFC3,Wednesday,16:00 - 17:00,0,Available
NFC3,Wednesday,17:00 - 17:45,0,Available
NFC3,Thursday,08:00 - 08:50,1,Not Available
NFC3,Thursday,08:55 - 09:45,1,Not Available
NFC3,Thursday,10:15 - 11:05,1,Not Available
NFC3,Thursday,11:10 - 12:00,1,Not Available
NFC3,Thursday,13:00 - 14:00,1,Not Available
NFC3,Thursday,14:00 - 15:00,1,Not Available
NFC3,Thursday,15:00 - 16:00,0,Available
NFC3,Thursday,16:00 - 17:00,0,Available
NFC3,Thursday,17:00 - 17:45,0,Available
NFC3,Friday,08:00 - 08:50,0,Available
NFC3,Friday,08:55 - 09:45,0,Available
NFC3,Friday,10:15 - 11:05,1,Not Available
NFC3,Friday,11:10 - 12:00,1,Not Available
NFC3,Friday,13:00 - 14:00,1,Not Available
NFC3,Friday,14:00 - 15:00,0,Available
NFC3,Friday,15:00 - 16:00,0,Available
NFC3,Friday,16:00 - 17:00,0,Available
NFC3,Friday,17:00 - 17:45,0,Available
NFC3,Saturday,08:00 - 08:50,0,Available
NFC3,Saturday,08:55 - 09:45,0,Available
NFC3,Saturday,10:15 - 11:05,0,Available
NFC3,Saturday,11:10 - 12:00,0,Available
NFC3,Saturday,13:00 - 14:00,0,Available
NFC3,Saturday,14:00 - 15:00,0,Available
NFC3,Saturday,15:00 - 16:00,0,Available
NFC3,Saturday,16:00 - 17:00,0,Available
NFC3,Saturday,17:00 - 17:45,0,Available
NFC3,Sunday,08:00 - 08:50,0,Available
NFC3,Sunday,08:55 - 09:45,0,Available
NFC3,Sunday,10:15 - 11:05,0,Available
NFC3,Sunday,11:10 - 12:00,0,Available
NFC3,Sunday,13:00 - 14:00,0,Available
NFC3,Sunday,14:00 - 15:00,0,Available
NFC3,Sunday,15:00 - 16:00,0,Available
NFC3,Sunday,16:00 - 17:00,0,Available
NFC3,Sunday,17:00 - 17:45,0,Available
NFC4,Monday,08:00 - 08:50,0,Available
NFC4,Monday,08:55 - 09:45,0,Available
NFC4,Monday,10:15 - 11:05,1,Not Available
NFC4,Monday,11:10 - 12:00,1,Not Available
NFC4,Monday,13:00 - 14:00,1,Not Available
NFC4,Monday,14:00 - 15:00,1,Not Available
NFC4,Monday,15:00 - 16:00,0,Available
NFC4,Monday,16:00 - 17:00,0,Available
NFC4,Monday,17:00 - 17:45,0,Available
NFC4,Tuesday,08:00 - 08:50,1,Not Available
NFC4,Tuesday,08:55 - 09:45,1,Not Available
NFC4,Tuesday,10:15 - 11:05,0,Available
NFC4,Tuesday,11:10 - 12:00,0,Available
NFC4,Tuesday,13:00 - 14:00,1,Not Available
NFC4,Tuesday,14:00 - 15:00,1,Not Available
NFC4,Tuesday,15:00 - 16:00,1,Not Available
NFC4,Tuesday,16:00 - 17:00,1,Not Available
NFC4,Tuesday,17:00 - 17:45,0,Available
NFC4,Wednesday,08:00 - 08:50,1,Not Available
NFC4,Wednesday,08:55 - 09:45,1,Not Available
NFC4,Wednesday,10:15 - 11:05,1,Not Available
NFC4,Wednesday,11:10 - 12:00,1,Not Available
NFC4,Wednesday,13:00 - 14:00,0,Available
NFC4,Wednesday,14:00 - 15:00,1,Not Available
NFC4,Wednesday,15:00 - 16:00,1,Not Available
NFC4,Wednesday,16:00 - 17:00,1,Not Available
NFC4,Wednesday,17:00 - 17:45,1,Not Available
NFC4,Thursday,08:00 - 08:50,0,Available
NFC4,Thursday,08:55 - 09:45,0,Available
NFC4,Thursday,10:15 - 11:05,0,Available
NFC4,Thursday,11:10 - 12:00,0,Available
NFC4,Thursday,13:00 - 14:00,1,Not Available
NFC4,Thursday,14:00 - 15:00,1,Not Available
NFC4,Thursday,15:00 - 16:00,0,Available
NFC4,Thursday,16:00 - 17:00,0,Available
NFC4,Thursday,17:00 - 17:45,0,Available
NFC4,Friday,08:00 - 08:50,1,Not Available
NFC4,Friday,08:55 - 09:45,1,Not Available
NFC4,Friday,10:15 - 11:05,1,Not Available
NFC4,Friday,11:10 - 12:00,1,Not Available
NFC4,Friday,13:00 - 14:00,0,Available
NFC4,Friday,14:00 - 15:00,0,Available
NFC4,Friday,15:00 - 16:00,0,Available
NFC4,Friday,16:00 - 17:00,0,Available
NFC4,Friday,17:00 - 17:45,0,Available
NFC4,Saturday,08:00 - 08:50,0,Available
NFC4,Saturday,08:55 - 09:45,0,Available
NFC4,Saturday,10:15 - 11:05,0,Available
NFC4,Saturday,11:10 - 12:00,0,Available
NFC4,Saturday,13:00 - 14:00,0,Available
NFC4,Saturday,14:00 - 15:00,0,Available
NFC4,Saturday,15:00 - 16:00,0,Available
NFC4,Saturday,16:00 - 17:00,0,Available
NFC4,Saturday,17:00 - 17:45,0,Available
NFC4,Sunday,08:00 - 08:50,0,Available
NFC4,Sunday,08:55 - 09:45,0,Available
NFC4,Sunday,10:15 - 11:05,0,Available
NFC4,Sunday,11:10 - 12:00,0,Available
NFC4,Sunday,13:00 - 14:00,0,Available
NFC4,Sunday,14:00 - 15:00,0,Available
NFC4,Sunday,15:00 - 16:00,0,Available
NFC4,Sunday,16:00 - 17:00,0,Available
NFC4,Sunday,17:00 - 17:45,0,Available
NFC5,Monday,08:00 - 08:50,0,Available
NFC5,Monday,08:55 - 09:45,1,Not Available
NFC5,Monday,10:15 - 11:05,1,Not Available
NFC5,Monday,11:10 - 12:00,1,Not Available
NFC5,Monday,13:00 - 14:00,1,Not Available
NFC5,Monday,14:00 - 15:00,1,Not Available
NFC5,Monday,15:00 - 16:00,1,Not Available
NFC5,Monday,16:00 - 17:00,0,Available
NFC5,Monday,17:00 - 17:45,0,Available
NFC5,Tuesday,08:00 - 08:50,0,Available
NFC5,Tuesday,08:55 - 09:45,1,Not Available
NFC5,Tuesday,10:15 - 11:05,1,Not Available
NFC5,Tuesday,11:10 - 12:00,1,Not Available
NFC5,Tuesday,13:00 - 14:00,0,Available
NFC5,Tuesday,14:00 - 15:00,0,Available
NFC5,Tuesday,15:00 - 16:00,0,Available
NFC5,Tuesday,16:00 - 17:00,0,Available
NFC5,Tuesday,17:00 - 17:45,0,Available
NFC5,Wednesday,08:00 - 08:50,1,Not Available
NFC5,Wednesday,08:55 - 09:45,1,Not Available
NFC5,Wednesday,10:15 - 11:05,0,Available
NFC5,Wednesday,11:10 - 12:00,0,Available
NFC5,Wednesday,13:00 - 14:00,1,Not Available
NFC5,Wednesday,14:00 - 15:00,1,Not Available
NFC5,Wednesday,15:00 - 16:00,0,Available
NFC5,Wednesday,16:00 - 17:00,0,Available
NFC5,Wednesday,17:00 - 17:45,0,Available
NFC5,Thursday,08:00 - 08:50,0,Available
NFC5,Thursday,08:55 - 09:45,1,Not Available
NFC5,Thursday,10:15 - 11:05,1,Not Available
NFC5,Thursday,11:10 - 12:00,1,Not Available
NFC5,Thursday,13:00 - 14:00,1,Not Available
NFC5,Thursday,14:00 - 15:00,0,Available
NFC5,Thursday,15:00 - 16:00,1,Not Available
NFC5,Thursday,16:00 - 17:00,0,Available
NFC5,Thursday,17:00 - 17:45,0,Available
NFC5,Friday,08:00 - 08:50,0,Available
NFC5,Friday,08:55 - 09:45,1,Not Available
NFC5,Friday,10:15 - 11:05,1,Not Available
NFC5,Friday,11:10 - 12:00,1,Not Available
NFC5,Friday,13:00 - 14:00,1,Not Available
NFC5,Friday,14:00 - 15:00,0,Available
NFC5,Friday,15:00 - 16:00,1,Not Available
NFC5,Friday,16:00 - 17:00,0,Available
NFC5,Friday,17:00 - 17:45,0,Available
NFC5,Saturday,08:00 - 08:50,0,Available
NFC5,Saturday,08:55 - 09:45,0,Available
NFC5,Saturday,10:15 - 11:05,0,Available
NFC5,Saturday,11:10 - 12:00,0,Available
NFC5,Saturday,13:00 - 14:00,0,Available
NFC5,Saturday,14:00 - 15:00,0,Available
NFC5,Saturday,15:00 - 16:00,0,Available
NFC5,Saturday,16:00 - 17:00,0,Available
NFC5,Saturday,17:00 - 17:45,0,Available
NFC5,Sunday,08:00 - 08:50,0,Available
NFC5,Sunday,08:55 - 09:45,0,Available
NFC5,Sunday,10:15 - 11:05,0,Available
NFC5,Sunday,11:10 - 12:00,0,Available
NFC5,Sunday,13:00 - 14:00,0,Available
NFC5,Sunday,14:00 - 15:00,0,Available
NFC5,Sunday,15:00 - 16:00,0,Available
NFC5,Sunday,16:00 - 17:00,0,Available
NFC5,Sunday,17:00 - 17:45,0,Available
NFC6,Monday,08:00 - 08:50,1,Not Available
NFC6,Monday,08:55 - 09:45,1,Not Available
NFC6,Monday,10:15 - 11:05,1,Not Available
NFC6,Monday,11:10 - 12:00,1,Not Available
NFC6,Monday,13:00 - 14:00,1,Not Available
NFC6,Monday,14:00 - 15:00,1,Not Available
NFC6,Monday,15:00 - 16:00,1,Not Available
NFC6,Monday,16:00 - 17:00,1,Not Available
NFC6,Monday,17:00 - 17:45,0,Available
NFC6,Tuesday,08:00 - 08:50,1,Not Available
NFC6,Tuesday,08:55 - 09:45,1,Not Available
NFC6,Tuesday,10:15 - 11:05,1,Not Available
NFC6,Tuesday,11:10 - 12:00,1,Not Available
NFC6,Tuesday,13:00 - 14:00,1,Not Available
NFC6,Tuesday,14:00 - 15:00,1,Not Available
NFC6,Tuesday,15:00 - 16:00,1,Not Available
NFC6,Tuesday,16:00 - 17:00,0,Available
NFC6,Tuesday,17:00 - 17:45,0,Available
NFC6,Wednesday,08:00 - 08:50,1,Not Available
NFC6,Wednesday,08:55 - 09:45,1,Not Available
NFC6,Wednesday,10:15 - 11:05,1,Not Available
NFC6,Wednesday,11:10 - 12:00,1,Not Available
NFC6,Wednesday,13:00 - 14:00,1,Not Available
NFC6,Wednesday,14:00 - 15:00,1,Not Available
NFC6,Wednesday,15:00 - 16:00,1,Not Available
NFC6,Wednesday,16:00 - 17:00,1,Not Available
NFC6,Wednesday,17:00 - 17:45,0,Available
NFC6,Thursday,08:00 - 08:50,1,Not Available
NFC6,Thursday,08:55 - 09:45,1,Not Available
NFC6,Thursday,10:15 - 11:05,1,Not Available
NFC6,Thursday,11:10 - 12:00,1,Not Available
NFC6,Thursday,13:00 - 14:00,1,Not Available
NFC6,Thursday,14:00 - 15:00,0,Available
NFC6,Thursday,15:00 - 16:00,0,Available
NFC6,Thursday,16:00 - 17:00,0,Available
NFC6,Thursday,17:00 - 17:45,0,Available
NFC6,Friday,08:00 - 08:50,1,Not Available
NFC6,Friday,08:55 - 09:45,1,Not Available
NFC6,Friday,10:15 - 11:05,1,Not Available
NFC6,Friday,11:10 - 12:00,1,Not Available
NFC6,Friday,13:00 - 14:00,1,Not Available
NFC6,Friday,14:00 - 15:00,0,Available
NFC6,Friday,15:00 - 16:00,0,Available
NFC6,Friday,16:00 - 17:00,0,Available
NFC6,Friday,17:00 - 17:45,0,Available
NFC6,Saturday,08:00 - 08:50,0,Available
NFC6,Saturday,08:55 - 09:45,0,Available
NFC6,Saturday,10:15 - 11:05,0,Available
NFC6,Saturday,11:10 - 12:00,0,Available
NFC6,Saturday,13:00 - 14:00,0,Available
NFC6,Saturday,14:00 - 15:00,0,Available
NFC6,Saturday,15:00 - 16:00,0,Available
NFC6,Saturday,16:00 - 17:00,0,Available
NFC6,Saturday,17:00 - 17:45,0,Available
NFC6,Sunday,08:00 - 08:50,0,Available
NFC6,Sunday,08:55 - 09:45,0,Available
NFC6,Sunday,10:15 - 11:05,0,Available
NFC6,Sunday,11:10 - 12:00,0,Available
NFC6,Sunday,13:00 - 14:00,0,Available
NFC6,Sunday,14:00 - 15:00,0,Available
NFC6,Sunday,15:00 - 16:00,0,Available
NFC6,Sunday,16:00 - 17:00,0,Available
NFC6,Sunday,17:00 - 17:45,0,Available
PLT,Monday,08:00 - 08:50,1,Not Available
PLT,Monday,08:55 - 09:45,1,Not Available
PLT,Monday,10:15 - 11:05,1,Not Available
PLT,Monday,11:10 - 12:00,1,Not Available
PLT,Monday,13:00 - 14:00,0,Available
PLT,Monday,14:00 - 15:00,1,Not Available
PLT,Monday,15:00 - 16:00,1,Not Available
PLT,Monday,16:00 - 17:00,1,Not Available
PLT,Monday,17:00 - 17:45,0,Available
PLT,Tuesday,08:00 - 08:50,1,Not Available
PLT,Tuesday,08:55 - 09:45,1,Not Available
PLT,Tuesday,10:15 - 11:05,1,Not Available
PLT,Tuesday,11:10 - 12:00,1,Not Available
PLT,Tuesday,13:00 - 14:00,0,Available
PLT,Tuesday,14:00 - 15:00,0,Available
PLT,Tuesday,15:00 - 16:00,1,Not Available
PLT,Tuesday,16:00 - 17:00,1,Not Available
PLT,Tuesday,17:00 - 17:45,0,Available
PLT,Wednesday,08:00 - 08:50,1,Not Available
PLT,Wednesday,08:55 - 09:45,1,Not Available
PLT,Wednesday,10:15 - 11:05,1,Not Available
PLT,Wednesday,11:10 - 12:00,1,Not Available
PLT,Wednesday,13:00 - 14:00,1,Not Available
PLT,Wednesday,14:00 - 15:00,0,Available
PLT,Wednesday,15:00 - 16:00,1,Not Available
PLT,Wednesday,16:00 - 17:00,0,Available
PLT,Wednesday,17:00 - 17:45,0,Available
PLT,Thursday,08:00 - 08:50,0,Available
PLT,Thursday,08:55 - 09:45,1,Not Available
PLT,Thursday,10:15 - 11:05,1,Not Available
PLT,Thursday,11:10 - 12:00,1,Not Available
PLT,Thursday,13:00 - 14:00,1,Not Available
PLT,Thursday,14:00 - 15:00,1,Not Available
PLT,Thursday,15:00 - 16:00,0,Available
PLT,Thursday,16:00 - 17:00,0,Available
PLT,Thursday,17:00 - 17:45,0,Available
PLT,Friday,08:00 - 08:50,1,Not Available
PLT,Friday,08:55 - 09:45,1,Not Available
PLT,Friday,10:15 - 11:05,0,Available
PLT,Friday,11:10 - 12:00,0,Available
PLT,Friday,13:00 - 14:00,0,Available
PLT,Friday,14:00 - 15:00,0,Available
PLT,Friday,15:00 - 16:00,0,Available
PLT,Friday,16:00 - 17:00,0,Available
PLT,Friday,17:00 - 17:45,0,Available
PLT,Saturday,08:00 - 08:50,0,Available
PLT,Saturday,08:55 - 09:45,0,Available
PLT,Saturday,10:15 - 11:05,0,Available
PLT,Saturday,11:10 - 12:00,0,Available
PLT,Saturday,13:00 - 14:00,0,Available
PLT,Saturday,14:00 - 15:00,0,Available
PLT,Saturday,15:00 - 16:00,0,Available
PLT,Saturday,16:00 - 17:00,0,Available
PLT,Saturday,17:00 - 17:45,0,Available
PLT,Sunday,08:00 - 08:50,0,Available
PLT,Sunday,08:55 - 09:45,0,Available
PLT,Sunday,10:15 - 11:05,0,Available
PLT,Sunday,11:10 - 12:00,0,Available
PLT,Sunday,13:00 - 14:00,0,Available
PLT,Sunday,14:00 - 15:00,0,Available
PLT,Sunday,15:00 - 16:00,0,Available
PLT,Sunday,16:00 - 17:00,0,Available
PLT,Sunday,17:00 - 17:45,0,Available
S1,Monday,08:00 - 08:50,1,Not Available
S1,Monday,08:55 - 09:45,1,Not Available
S1,Monday,10:15 - 11:05,1,Not Available
S1,Monday,11:10 - 12:00,1,Not Available
S1,Monday,13:00 - 14:00,1,Not Available
S1,Monday,14:00 - 15:00,0,Available
S1,Monday,15:00 - 16:00,0,Available
S1,Monday,16:00 - 17:00,0,Available
S1,Monday,17:00 - 17:45,0,Available
S1,Tuesday,08:00 - 08:50,1,Not Available
S1,Tuesday,08:55 - 09:45,0,Available
S1,Tuesday,10:15 - 11:05,1,Not Available
S1,Tuesday,11:10 - 12:00,1,Not Available
S1,Tuesday,13:00 - 14:00,0,Available
S1,Tuesday,14:00 - 15:00,0,Available
S1,Tuesday,15:00 - 16:00,0,Available
S1,Tuesday,16:00 - 17:00,1,Not Available
S1,Tuesday,17:00 - 17:45,0,Available
S1,Wednesday,08:00 - 08:50,1,Not Available
S1,Wednesday,08:55 - 09:45,1,Not Available
S1,Wednesday,10:15 - 11:05,1,Not Available
S1,Wednesday,11:10 - 12:00,1,Not Available
S1,Wednesday,13:00 - 14:00,1,Not Available
S1,Wednesday,14:00 - 15:00,1,Not Available
S1,Wednesday,15:00 - 16:00,0,Available
S1,Wednesday,16:00 - 17:00,0,Available
S1,Wednesday,17:00 - 17:45,1,Not Available
S1,Thursday,08:00 - 08:50,1,Not Available
S1,Thursday,08:55 - 09:45,1,Not Available
S1,Thursday,10:15 - 11:05,1,Not Available
S1,Thursday,11:10 - 12:00,1,Not Available
S1,Thursday,13:00 - 14:00,0,Available
S1,Thursday,14:00 - 15:00,1,Not Available
S1,Thursday,15:00 - 16:00,0,Available
S1,Thursday,16:00 - 17:00,0,Available
S1,Thursday,17:00 - 17:45,0,Available
S1,Friday,08:00 - 08:50,1,Not Available
S1,Friday,08:55 - 09:45,1,Not Available
S1,Friday,10:15 - 11:05,0,Available
S1,Friday,11:10 - 12:00,0,Available
S1,Friday,13:00 - 14:00,1,Not Available
S1,Friday,14:00 - 15:00,1,Not Available
S1,Friday,15:00 - 16:00,0,Available
S1,Friday,16:00 - 17:00,0,Available
S1,Friday,17:00 - 17:45,0,Available
S1,Saturday,08:00 - 08:50,0,Available
S1,Saturday,08:55 - 09:45,0,Available
S1,Saturday,10:15 - 11:05,0,Available
S1,Saturday,11:10 - 12:00,0,Available
S1,Saturday,13:00 - 14:00,0,Available
S1,Saturday,14:00 - 15:00,0,Available
S1,Saturday,15:00 - 16:00,0,Available
S1,Saturday,16:00 - 17:00,0,Available
S1,Saturday,17:00 - 17:45,0,Available
S1,Sunday,08:00 - 08:50,0,Available
S1,Sunday,08:55 - 09:45,0,Available
S1,Sunday,10:15 - 11:05,0,Available
S1,Sunday,11:10 - 12:00,0,Available
S1,Sunday,13:00 - 14:00,0,Available
S1,Sunday,14:00 - 15:00,0,Available
S1,Sunday,15:00 - 16:00,0,Available
S1,Sunday,16:00 - 17:00,0,Available
S1,Sunday,17:00 - 17:45,0,Available
SCR,Monday,08:00 - 08:50,1,Not Available
SCR,Monday,08:55 - 09:45,0,Available
SCR,Monday,10:15 - 11:05,1,Not Available
SCR,Monday,11:10 - 12:00,1,Not Available
SCR,Monday,13:00 - 14:00,1,Not Available
SCR,Monday,14:00 - 15:00,1,Not Available
SCR,Monday,15:00 - 16:00,0,Available
SCR,Monday,16:00 - 17:00,0,Available
SCR,Monday,17:00 - 17:45,0,Available
SCR,Tuesday,08:00 - 08:50,0,Available
SCR,Tuesday,08:55 - 09:45,0,Available
SCR,Tuesday,10:15 - 11:05,0,Available
SCR,Tuesday,11:10 - 12:00,0,Available
SCR,Tuesday,13:00 - 14:00,0,Available
SCR,Tuesday,14:00 - 15:00,0,Available
SCR,Tuesday,15:00 - 16:00,0,Available
SCR,Tuesday,16:00 - 17:00,0,Available
SCR,Tuesday,17:00 - 17:45,0,Available
SCR,Wednesday,08:00 - 08:50,0,Available
SCR,Wednesday,08:55 - 09:45,0,Available
SCR,Wednesday,10:15 - 11:05,0,Available
SCR,Wednesday,11:10 - 12:00,0,Available
SCR,Wednesday,13:00 - 14:00,0,Available
SCR,Wednesday,14:00 - 15:00,0,Available
SCR,Wednesday,15:00 - 16:00,0,Available
SCR,Wednesday,16:00 - 17:00,0,Available
SCR,Wednesday,17:00 - 17:45,0,Available
SCR,Thursday,08:00 - 08:50,0,Available
SCR,Thursday,08:55 - 09:45,0,Available
SCR,Thursday,10:15 - 11:05,0,Available
SCR,Thursday,11:10 - 12:00,0,Available
SCR,Thursday,13:00 - 14:00,0,Available
SCR,Thursday,14:00 - 15:00,0,Available
SCR,Thursday,15:00 - 16:00,0,Available
SCR,Thursday,16:00 - 17:00,0,Available
SCR,Thursday,17:00 - 17:45,0,Available
SCR,Friday,08:00 - 08:50,0,Available
SCR,Friday,08:55 - 09:45,0,Available
SCR,Friday,10:15 - 11:05,0,Available
SCR,Friday,11:10 - 12:00,0,Available
SCR,Friday,13:00 - 14:00,0,Available
SCR,Friday,14:00 - 15:00,0,Available
SCR,Friday,15:00 - 16:00,0,Available
SCR,Friday,16:00 - 17:00,0,Available
SCR,Friday,17:00 - 17:45,0,Available
SCR,Saturday,08:00 - 08:50,0,Available
SCR,Saturday,08:55 - 09:45,0,Available
SCR,Saturday,10:15 - 11:05,0,Available
SCR,Saturday,11:10 - 12:00,0,Available
SCR,Saturday,13:00 - 14:00,0,Available
SCR,Saturday,14:00 - 15:00,0,Available
SCR,Saturday,15:00 - 16:00,0,Available
SCR,Saturday,16:00 - 17:00,0,Available
SCR,Saturday,17:00 - 17:45,0,Available
SCR,Sunday,08:00 - 08:50,0,Available
SCR,Sunday,08:55 - 09:45,0,Available
SCR,Sunday,10:15 - 11:05,0,Available
SCR,Sunday,11:10 - 12:00,0,Available
SCR,Sunday,13:00 - 14:00,0,Available
SCR,Sunday,14:00 - 15:00,0,Available
SCR,Sunday,15:00 - 16:00,0,Available
SCR,Sunday,16:00 - 17:00,0,Available
SCR,Sunday,17:00 - 17:45,0,Available
SLH - Botany,Monday,08:00 - 08:50,1,Not Available
SLH - Botany,Monday,08:55 - 09:45,1,Not Available
SLH - Botany,Monday,10:15 - 11:05,0,Available
SLH - Botany,Monday,11:10 - 12:00,0,Available
SLH - Botany,Monday,13:00 - 14:00,1,Not Available
SLH - Botany,Monday,14:00 - 15:00,1,Not Available
SLH - Botany,Monday,15:00 - 16:00,0,Available
SLH - Botany,Monday,16:00 - 17:00,0,Available
SLH - Botany,Monday,17:00 - 17:45,0,Available
SLH - Botany,Tuesday,08:00 - 08:50,0,Available
SLH - Botany,Tuesday,08:55 - 09:45,0,Available
SLH - Botany,Tuesday,10:15 - 11:05,1,Not Available
SLH - Botany,Tuesday,11:10 - 12:00,1,Not Available
SLH - Botany,Tuesday,13:00 - 14:00,0,Available
SLH - Botany,Tuesday,14:00 - 15:00,0,Available
SLH - Botany,Tuesday,15:00 - 16:00,0,Available
SLH - Botany,Tuesday,16:00 - 17:00,0,Available
SLH - Botany,Tuesday,17:00 - 17:45,0,Available
SLH - Botany,Wednesday,08:00 - 08:50,0,Available
SLH - Botany,Wednesday,08:55 - 09:45,0,Available
SLH - Botany,Wednesday,10:15 - 11:05,0,Available
SLH - Botany,Wednesday,11:10 - 12:00,0,Available
SLH - Botany,Wednesday,13:00 - 14:00,1,Not Available
SLH - Botany,Wednesday,14:00 - 15:00,1,Not Available
SLH - Botany,Wednesday,15:00 - 16:00,0,Available
SLH - Botany,Wednesday,16:00 - 17:00,0,Available
SLH - Botany,Wednesday,17:00 - 17:45,0,Available
SLH - Botany,Thursday,08:00 - 08:50,0,Available
SLH - Botany,Thursday,08:55 - 09:45,0,Available
SLH - Botany,Thursday,10:15 - 11:05,1,Not Available
SLH - Botany,Thursday,11:10 - 12:00,1,Not Available
SLH - Botany,Thursday,13:00 - 14:00,0,Available
SLH - Botany,Thursday,14:00 - 15:00,0,Available
SLH - Botany,Thursday,15:00 - 16:00,0,Available
SLH - Botany,Thursday,16:00 - 17:00,0,Available
SLH - Botany,Thursday,17:00 - 17:45,0,Available
SLH - Botany,Friday,08:00 - 08:50,0,Available
SLH - Botany,Friday,08:55 - 09:45,0,Available
SLH - Botany,Friday,10:15 - 11:05,0,Available
SLH - Botany,Friday,11:10 - 12:00,0,Available
SLH - Botany,Friday,13:00 - 14:00,1,Not Available
SLH - Botany,Friday,14:00 - 15:00,1,Not Available
SLH - Botany,Friday,15:00 - 16:00,0,Available
SLH - Botany,Friday,16:00 - 17:00,0,Available
SLH - Botany,Friday,17:00 - 17:45,0,Available
SLH - Botany,Saturday,08:00 - 08:50,0,Available
SLH - Botany,Saturday,08:55 - 09:45,1,Not Available
SLH - Botany,Saturday,10:15 - 11:05,1,Not Available
SLH - Botany,Saturday,11:10 - 12:00,1,Not Available
SLH - Botany,Saturday,13:00 - 14:00,0,Available
SLH - Botany,Saturday,14:00 - 15:00,0,Available
SLH - Botany,Saturday,15:00 - 16:00,0,Available
SLH - Botany,Saturday,16:00 - 17:00,0,Available
SLH - Botany,Saturday,17:00 - 17:45,0,Available
SLH - Botany,Sunday,08:00 - 08:50,0,Available
SLH - Botany,Sunday,08:55 - 09:45,0,Available
SLH - Botany,Sunday,10:15 - 11:05,0,Available
SLH - Botany,Sunday,11:10 - 12:00,0,Available
SLH - Botany,Sunday,13:00 - 14:00,0,Available
SLH - Botany,Sunday,14:00 - 15:00,0,Available
SLH - Botany,Sunday,15:00 - 16:00,0,Available
SLH - Botany,Sunday,16:00 - 17:00,0,Available
SLH - Botany,Sunday,17:00 - 17:45,0,Available
SLH - Physics,Monday,08:00 - 08:50,0,Available
SLH - Physics,Monday,08:55 - 09:45,0,Available
SLH - Physics,Monday,10:15 - 11:05,0,Available
SLH - Physics,Monday,11:10 - 12:00,0,Available
SLH - Physics,Monday,13:00 - 14:00,0,Available
SLH - Physics,Monday,14:00 - 15:00,0,Available
SLH - Physics,Monday,15:00 - 16:00,0,Available
SLH - Physics,Monday,16:00 - 17:00,0,Available
SLH - Physics,Monday,17:00 - 17:45,0,Available
SLH - Physics,Tuesday,08:00 - 08:50,0,Available
SLH - Physics,Tuesday,08:55 - 09:45,1,Not Available
SLH - Physics,Tuesday,10:15 - 11:05,1,Not Available
SLH - Physics,Tuesday,11:10 - 12:00,1,Not Available
SLH - Physics,Tuesday,13:00 - 14:00,0,Available
SLH - Physics,Tuesday,14:00 - 15:00,0,Available
SLH - Physics,Tuesday,15:00 - 16:00,0,Available
SLH - Physics,Tuesday,16:00 - 17:00,0,Available
SLH - Physics,Tuesday,17:00 - 17:45,0,Available
SLH - Physics,Wednesday,08:00 - 08:50,0,Available
SLH - Physics,Wednesday,08:55 - 09:45,0,Available
SLH - Physics,Wednesday,10:15 - 11:05,0,Available
SLH - Physics,Wednesday,11:10 - 12:00,0,Available
SLH - Physics,Wednesday,13:00 - 14:00,0,Available
SLH - Physics,Wednesday,14:00 - 15:00,0,Available
SLH - Physics,Wednesday,15:00 - 16:00,0,Available
SLH - Physics,Wednesday,16:00 - 17:00,0,Available
SLH - Physics,Wednesday,17:00 - 17:45,0,Available
SLH - Physics,Thursday,08:00 - 08:50,0,Available
SLH - Physics,Thursday,08:55 - 09:45,0,Available
SLH - Physics,Thursday,10:15 - 11:05,0,Available
SLH - Physics,Thursday,11:10 - 12:00,0,Available
SLH - Physics,Thursday,13:00 - 14:00,0,Available
SLH - Physics,Thursday,14:00 - 15:00,0,Available
SLH - Physics,Thursday,15:00 - 16:00,0,Available
SLH - Physics,Thursday,16:00 - 17:00,0,Available
SLH - Physics,Thursday,17:00 - 17:45,0,Available
SLH - Physics,Friday,08:00 - 08:50,0,Available
SLH - Physics,Friday,08:55 - 09:45,1,Not Available
SLH - Physics,Friday,10:15 - 11:05,1,Not Available
SLH - Physics,Friday,11:10 - 12:00,1,Not Available
SLH - Physics,Friday,13:00 - 14:00,0,Available
SLH - Physics,Friday,14:00 - 15:00,0,Available
SLH - Physics,Friday,15:00 - 16:00,0,Available
SLH - Physics,Friday,16:00 - 17:00,0,Available
SLH - Physics,Friday,17:00 - 17:45,0,Available
SLH - Physics,Saturday,08:00 - 08:50,0,Available
SLH - Physics,Saturday,08:55 - 09:45,0,Available
SLH - Physics,Saturday,10:15 - 11:05,0,Available
SLH - Physics,Saturday,11:10 - 12:00,0,Available
SLH - Physics,Saturday,13:00 - 14:00,0,Available
SLH - Physics,Saturday,14:00 - 15:00,0,Available
SLH - Physics,Saturday,15:00 - 16:00,0,Available
SLH - Physics,Saturday,16:00 - 17:00,0,Available
SLH - Physics,Saturday,17:00 - 17:45,0,Available
SLH - Physics,Sunday,08:00 - 08:50,0,Available
SLH - Physics,Sunday,08:55 - 09:45,0,Available
SLH - Physics,Sunday,10:15 - 11:05,0,Available
SLH - Physics,Sunday,11:10 - 12:00,0,Available
SLH - Physics,Sunday,13:00 - 14:00,0,Available
SLH - Physics,Sunday,14:00 - 15:00,0,Available
SLH - Physics,Sunday,15:00 - 16:00,0,Available
SLH - Physics,Sunday,16:00 - 17:00,0,Available
SLH - Physics,Sunday,17:00 - 17:45,0,Available
SP - Forestry,Monday,08:00 - 08:50,0,Available
SP - Forestry,Monday,08:55 - 09:45,0,Available
SP - Forestry,Monday,10:15 - 11:05,0,Available
SP - Forestry,Monday,11:10 - 12:00,1,Not Available
SP - Forestry,Monday,13:00 - 14:00,0,Available
SP - Forestry,Monday,14:00 - 15:00,0,Available
SP - Forestry,Monday,15:00 - 16:00,0,Available
SP - Forestry,Monday,16:00 - 17:00,0,Available
SP - Forestry,Monday,17:00 - 17:45,0,Available
SP - Forestry,Tuesday,08:00 - 08:50,0,Available
SP - Forestry,Tuesday,08:55 - 09:45,0,Available
SP - Forestry,Tuesday,10:15 - 11:05,0,Available
SP - Forestry,Tuesday,11:10 - 12:00,0,Available
SP - Forestry,Tuesday,13:00 - 14:00,1,Not Available
SP - Forestry,Tuesday,14:00 - 15:00,1,Not Available
SP - Forestry,Tuesday,15:00 - 16:00,1,Not Available
SP - Forestry,Tuesday,16:00 - 17:00,1,Not Available
SP - Forestry,Tuesday,17:00 - 17:45,0,Available
SP - Forestry,Wednesday,08:00 - 08:50,0,Available
SP - Forestry,Wednesday,08:55 - 09:45,0,Available
SP - Forestry,Wednesday,10:15 - 11:05,1,Not Available
SP - Forestry,Wednesday,11:10 - 12:00,1,Not Available
SP - Forestry,Wednesday,13:00 - 14:00,1,Not Available
SP - Forestry,Wednesday,14:00 - 15:00,1,Not Available
SP - Forestry,Wednesday,15:00 - 16:00,0,Available
SP - Forestry,Wednesday,16:00 - 17:00,0,Available
SP - Forestry,Wednesday,17:00 - 17:45,0,Available
SP - Forestry,Thursday,08:00 - 08:50,1,Not Available
SP - Forestry,Thursday,08:55 - 09:45,1,Not Available
SP - Forestry,Thursday,10:15 - 11:05,1,Not Available
SP - Forestry,Thursday,11:10 - 12:00,1,Not Available
SP - Forestry,Thursday,13:00 - 14:00,1,Not Available
SP - Forestry,Thursday,14:00 - 15:00,1,Not Available
SP - Forestry,Thursday,15:00 - 16:00,0,Available
SP - Forestry,Thursday,16:00 - 17:00,0,Available
SP - Forestry,Thursday,17:00 - 17:45,0,Available
SP - Forestry,Friday,08:00 - 08:50,0,Available
SP - Forestry,Friday,08:55 - 09:45,0,Available
SP - Forestry,Friday,10:15 - 11:05,0,Available
SP - Forestry,Friday,11:10 - 12:00,0,Available
SP - Forestry,Friday,13:00 - 14:00,0,Available
SP - Forestry,Friday,14:00 - 15:00,0,Available
SP - Forestry,Friday,15:00 - 16:00,0,Available
SP - Forestry,Friday,16:00 - 17:00,0,Available
SP - Forestry,Friday,17:00 - 17:45,0,Available
SP - Forestry,Saturday,08:00 - 08:50,0,Available
SP - Forestry,Saturday,08:55 - 09:45,0,Available
SP - Forestry,Saturday,10:15 - 11:05,0,Available
SP - Forestry,Saturday,11:10 - 12:00,0,Available
SP - Forestry,Saturday,13:00 - 14:00,0,Available
SP - Forestry,Saturday,14:00 - 15:00,0,Available
SP - Forestry,Saturday,15:00 - 16:00,0,Available
SP - Forestry,Saturday,16:00 - 17:00,0,Available
SP - Forestry,Saturday,17:00 - 17:45,0,Available
SP - Forestry,Sunday,08:00 - 08:50,0,Available
SP - Forestry,Sunday,08:55 - 09:45,0,Available
SP - Forestry,Sunday,10:15 - 11:05,0,Available
SP - Forestry,Sunday,11:10 - 12:00,0,Available
SP - Forestry,Sunday,13:00 - 14:00,0,Available
SP - Forestry,Sunday,14:00 - 15:00,0,Available
SP - Forestry,Sunday,15:00 - 16:00,0,Available
SP - Forestry,Sunday,16:00 - 17:00,0,Available
SP - Forestry,Sunday,17:00 - 17:45,0,Available
SRL - Mathematics,Monday,08:00 - 08:50,0,Available
SRL - Mathematics,Monday,08:55 - 09:45,0,Available
SRL - Mathematics,Monday,10:15 - 11:05,0,Available
SRL - Mathematics,Monday,11:10 - 12:00,0,Available
SRL - Mathematics,Monday,13:00 - 14:00,0,Available
SRL - Mathematics,Monday,14:00 - 15:00,0,Available
SRL - Mathematics,Monday,15:00 - 16:00,0,Available
SRL - Mathematics,Monday,16:00 - 17:00,0,Available
SRL - Mathematics,Monday,17:00 - 17:45,0,Available
SRL - Mathematics,Tuesday,08:00 - 08:50,0,Available
SRL - Mathematics,Tuesday,08:55 - 09:45,0,Available
SRL - Mathematics,Tuesday,10:15 - 11:05,1,Not Available
SRL - Mathematics,Tuesday,11:10 - 12:00,1,Not Available
SRL - Mathematics,Tuesday,13:00 - 14:00,1,Not Available
SRL - Mathematics,Tuesday,14:00 - 15:00,1,Not Available
SRL - Mathematics,Tuesday,15:00 - 16:00,0,Available
SRL - Mathematics,Tuesday,16:00 - 17:00,0,Available
SRL - Mathematics,Tuesday,17:00 - 17:45,0,Available
SRL - Mathematics,Wednesday,08:00 - 08:50,1,Not Available
SRL - Mathematics,Wednesday,08:55 - 09:45,1,Not Available
SRL - Mathematics,Wednesday,10:15 - 11:05,1,Not Available
SRL - Mathematics,Wednesday,11:10 - 12:00,1,Not Available
SRL - Mathematics,Wednesday,13:00 - 14:00,1,Not Available
SRL - Mathematics,Wednesday,14:00 - 15:00,1,Not Available
SRL - Mathematics,Wednesday,15:00 - 16:00,0,Available
SRL - Mathematics,Wednesday,16:00 - 17:00,0,Available
SRL - Mathematics,Wednesday,17:00 - 17:45,0,Available
SRL - Mathematics,Thursday,08:00 - 08:50,0,Available
SRL - Mathematics,Thursday,08:55 - 09:45,0,Available
SRL - Mathematics,Thursday,10:15 - 11:05,0,Available
SRL - Mathematics,Thursday,11:10 - 12:00,0,Available
SRL - Mathematics,Thursday,13:00 - 14:00,1,Not Available
SRL - Mathematics,Thursday,14:00 - 15:00,1,Not Available
SRL - Mathematics,Thursday,15:00 - 16:00,0,Available
SRL - Mathematics,Thursday,16:00 - 17:00,0,Available
SRL - Mathematics,Thursday,17:00 - 17:45,0,Available
SRL - Mathematics,Friday,08:00 - 08:50,0,Available
SRL - Mathematics,Friday,08:55 - 09:45,0,Available
SRL - Mathematics,Friday,10:15 - 11:05,1,Not Available
SRL - Mathematics,Friday,11:10 - 12:00,1,Not Available
SRL - Mathematics,Friday,13:00 - 14:00,0,Available
SRL - Mathematics,Friday,14:00 - 15:00,0,Available
SRL - Mathematics,Friday,15:00 - 16:00,0,Available
SRL - Mathematics,Friday,16:00 - 17:00,0,Available
SRL - Mathematics,Friday,17:00 - 17:45,0,Available
SRL - Mathematics,Saturday,08:00 - 08:50,0,Available
SRL - Mathematics,Saturday,08:55 - 09:45,0,Available
SRL - Mathematics,Saturday,10:15 - 11:05,0,Available
SRL - Mathematics,Saturday,11:10 - 12:00,0,Available
SRL - Mathematics,Saturday,13:00 - 14:00,0,Available
SRL - Mathematics,Saturday,14:00 - 15:00,0,Available
SRL - Mathematics,Saturday,15:00 - 16:00,0,Available
SRL - Mathematics,Saturday,16:00 - 17:00,0,Available
SRL - Mathematics,Saturday,17:00 - 17:45,0,Available
SRL - Mathematics,Sunday,08:00 - 08:50,0,Available
SRL - Mathematics,Sunday,08:55 - 09:45,0,Available
SRL - Mathematics,Sunday,10:15 - 11:05,0,Available
SRL - Mathematics,Sunday,11:10 - 12:00,0,Available
SRL - Mathematics,Sunday,13:00 - 14:00,0,Available
SRL - Mathematics,Sunday,14:00 - 15:00,0,Available
SRL - Mathematics,Sunday,15:00 - 16:00,0,Available
SRL - Mathematics,Sunday,16:00 - 17:00,0,Available
SRL - Mathematics,Sunday,17:00 - 17:45,0,Available
Stat Lab,Monday,08:00 - 08:50,1,Not Available
Stat Lab,Monday,08:55 - 09:45,1,Not Available
Stat Lab,Monday,10:15 - 11:05,1,Not Available
Stat Lab,Monday,11:10 - 12:00,1,Not Available
Stat Lab,Monday,13:00 - 14:00,1,Not Available
Stat Lab,Monday,14:00 - 15:00,1,Not Available
Stat Lab,Monday,15:00 - 16:00,1,Not Available
Stat Lab,Monday,16:00 - 17:00,1,Not Available
Stat Lab,Monday,17:00 - 17:45,0,Available
Stat Lab,Tuesday,08:00 - 08:50,0,Available
Stat Lab,Tuesday,08:55 - 09:45,0,Available
Stat Lab,Tuesday,10:15 - 11:05,1,Not Available
Stat Lab,Tuesday,11:10 - 12:00,1,Not Available
Stat Lab,Tuesday,13:00 - 14:00,1,Not Available
Stat Lab,Tuesday,14:00 - 15:00,1,Not Available
Stat Lab,Tuesday,15:00 - 16:00,0,Available
Stat Lab,Tuesday,16:00 - 17:00,0,Available
Stat Lab,Tuesday,17:00 - 17:45,0,Available
Stat Lab,Wednesday,08:00 - 08:50,0,Available
Stat Lab,Wednesday,08:55 - 09:45,0,Available
Stat Lab,Wednesday,10:15 - 11:05,1,Not Available
Stat Lab,Wednesday,11:10 - 12:00,1,Not Available
Stat Lab,Wednesday,13:00 - 14:00,1,Not Available
Stat Lab,Wednesday,14:00 - 15:00,1,Not Available
Stat Lab,Wednesday,15:00 - 16:00,0,Available
Stat Lab,Wednesday,16:00 - 17:00,0,Available
Stat Lab,Wednesday,17:00 - 17:45,0,Available
Stat Lab,Thursday,08:00 - 08:50,1,Not Available
Stat Lab,Thursday,08:55 - 09:45,1,Not Available
Stat Lab,Thursday,10:15 - 11:05,0,Available
Stat Lab,Thursday,11:10 - 12:00,0,Available
Stat Lab,Thursday,13:00 - 14:00,0,Available
Stat Lab,Thursday,14:00 - 15:00,0,Available
Stat Lab,Thursday,15:00 - 16:00,0,Available
Stat Lab,Thursday,16:00 - 17:00,0,Available
Stat Lab,Thursday,17:00 - 17:45,0,Available
Stat Lab,Friday,08:00 - 08:50,0,Available
Stat Lab,Friday,08:55 - 09:45,0,Available
Stat Lab,Friday,10:15 - 11:05,1,Not Available
Stat Lab,Friday,11:10 - 12:00,1,Not Available
Stat Lab,Friday,13:00 - 14:00,1,Not Available
Stat Lab,Friday,14:00 - 15:00,1,Not Available
Stat Lab,Friday,15:00 - 16:00,0,Available
Stat Lab,Friday,16:00 - 17:00,0,Available
Stat Lab,Friday,17:00 - 17:45,0,Available
Stat Lab,Saturday,08:00 - 08:50,0,Available
Stat Lab,Saturday,08:55 - 09:45,0,Available
Stat Lab,Saturday,10:15 - 11:05,0,Available
Stat Lab,Saturday,11:10 - 12:00,0,Available
Stat Lab,Saturday,13:00 - 14:00,0,Available
Stat Lab,Saturday,14:00 - 15:00,0,Available
Stat Lab,Saturday,15:00 - 16:00,0,Available
Stat Lab,Saturday,16:00 - 17:00,0,Available
Stat Lab,Saturday,17:00 - 17:45,0,Available
Stat Lab,Sunday,08:00 - 08:50,0,Available
Stat Lab,Sunday,08:55 - 09:45,0,Available
Stat Lab,Sunday,10:15 - 11:05,0,Available
Stat Lab,Sunday,11:10 - 12:00,0,Available
Stat Lab,Sunday,13:00 - 14:00,0,Available
Stat Lab,Sunday,14:00 - 15:00,0,Available
Stat Lab,Sunday,15:00 - 16:00,0,Available
Stat Lab,Sunday,16:00 - 17:00,0,Available
Stat Lab,Sunday,17:00 - 17:45,0,Available
Stat Lab2,Monday,08:00 - 08:50,0,Available
Stat Lab2,Monday,08:55 - 09:45,0,Available
Stat Lab2,Monday,10:15 - 11:05,0,Available
Stat Lab2,Monday,11:10 - 12:00,0,Available
Stat Lab2,Monday,13:00 - 14:00,0,Available
Stat Lab2,Monday,14:00 - 15:00,0,Available
Stat Lab2,Monday,15:00 - 16:00,0,Available
Stat Lab2,Monday,16:00 - 17:00,0,Available
Stat Lab2,Monday,17:00 - 17:45,0,Available
Stat Lab2,Tuesday,08:00 - 08:50,0,Available
Stat Lab2,Tuesday,08:55 - 09:45,0,Available
Stat Lab2,Tuesday,10:15 - 11:05,0,Available
Stat Lab2,Tuesday,11:10 - 12:00,0,Available
Stat Lab2,Tuesday,13:00 - 14:00,1,Not Available
Stat Lab2,Tuesday,14:00 - 15:00,1,Not Available
Stat Lab2,Tuesday,15:00 - 16:00,0,Available
Stat Lab2,Tuesday,16:00 - 17:00,0,Available
Stat Lab2,Tuesday,17:00 - 17:45,0,Available
Stat Lab2,Wednesday,08:00 - 08:50,0,Available
Stat Lab2,Wednesday,08:55 - 09:45,0,Available
Stat Lab2,Wednesday,10:15 - 11:05,0,Available
Stat Lab2,Wednesday,11:10 - 12:00,0,Available
Stat Lab2,Wednesday,13:00 - 14:00,0,Available
Stat Lab2,Wednesday,14:00 - 15:00,0,Available
Stat Lab2,Wednesday,15:00 - 16:00,0,Available
Stat Lab2,Wednesday,16:00 - 17:00,0,Available
Stat Lab2,Wednesday,17:00 - 17:45,0,Available
Stat Lab2,Thursday,08:00 - 08:50,1,Not Available
Stat Lab2,Thursday,08:55 - 09:45,1,Not Available
Stat Lab2,Thursday,10:15 - 11:05,1,Not Available
Stat Lab2,Thursday,11:10 - 12:00,1,Not Available
Stat Lab2,Thursday,13:00 - 14:00,0,Available
Stat Lab2,Thursday,14:00 - 15:00,0,Available
Stat Lab2,Thursday,15:00 - 16:00,0,Available
Stat Lab2,Thursday,16:00 - 17:00,0,Available
Stat Lab2,Thursday,17:00 - 17:45,0,Available
Stat Lab2,Friday,08:00 - 08:50,0,Available
Stat Lab2,Friday,08:55 - 09:45,0,Available
Stat Lab2,Friday,10:15 - 11:05,0,Available
Stat Lab2,Friday,11:10 - 12:00,0,Available
Stat Lab2,Friday,13:00 - 14:00,0,Available
Stat Lab2,Friday,14:00 - 15:00,0,Available
Stat Lab2,Friday,15:00 - 16:00,0,Available
Stat Lab2,Friday,16:00 - 17:00,0,Available
Stat Lab2,Friday,17:00 - 17:45,0,Available
Stat Lab2,Saturday,08:00 - 08:50,0,Available
Stat Lab2,Saturday,08:55 - 09:45,0,Available
Stat Lab2,Saturday,10:15 - 11:05,0,Available
Stat Lab2,Saturday,11:10 - 12:00,0,Available
Stat Lab2,Saturday,13:00 - 14:00,0,Available
Stat Lab2,Saturday,14:00 - 15:00,0,Available
Stat Lab2,Saturday,15:00 - 16:00,0,Available
Stat Lab2,Saturday,16:00 - 17:00,0,Available
Stat Lab2,Saturday,17:00 - 17:45,0,Available
Stat Lab2,Sunday,08:00 - 08:50,0,Available
Stat Lab2,Sunday,08:55 - 09:45,0,Available
Stat Lab2,Sunday,10:15 - 11:05,0,Available
Stat Lab2,Sunday,11:10 - 12:00,0,Available
Stat Lab2,Sunday,13:00 - 14:00,0,Available
Stat Lab2,Sunday,14:00 - 15:00,0,Available
Stat Lab2,Sunday,15:00 - 16:00,0,Available
Stat Lab2,Sunday,16:00 - 17:00,0,Available
Stat Lab2,Sunday,17:00 - 17:45,0,Available
UDG Lab,Monday,08:00 - 08:50,0,Available
UDG Lab,Monday,08:55 - 09:45,0,Available
UDG Lab,Monday,10:15 - 11:05,0,Available
UDG Lab,Monday,11:10 - 12:00,0,Available
UDG Lab,Monday,13:00 - 14:00,0,Available
UDG Lab,Monday,14:00 - 15:00,0,Available
UDG Lab,Monday,15:00 - 16:00,0,Available
UDG Lab,Monday,16:00 - 17:00,0,Available
UDG Lab,Monday,17:00 - 17:45,0,Available
UDG Lab,Tuesday,08:00 - 08:50,0,Available
UDG Lab,Tuesday,08:55 - 09:45,0,Available
UDG Lab,Tuesday,10:15 - 11:05,0,Available
UDG Lab,Tuesday,11:10 - 12:00,0,Available
UDG Lab,Tuesday,13:00 - 14:00,1,Not Available
UDG Lab,Tuesday,14:00 - 15:00,1,Not Available
UDG Lab,Tuesday,15:00 - 16:00,1,Not Available
UDG Lab,Tuesday,16:00 - 17:00,0,Available
UDG Lab,Tuesday,17:00 - 17:45,0,Available
UDG Lab,Wednesday,08:00 - 08:50,0,Available
UDG Lab,Wednesday,08:55 - 09:45,0,Available
UDG Lab,Wednesday,10:15 - 11:05,0,Available
UDG Lab,Wednesday,11:10 - 12:00,0,Available
UDG Lab,Wednesday,13:00 - 14:00,0,Available
UDG Lab,Wednesday,14:00 - 15:00,0,Available
UDG Lab,Wednesday,15:00 - 16:00,0,Available
UDG Lab,Wednesday,16:00 - 17:00,1,Not Available
UDG Lab,Wednesday,17:00 - 17:45,0,Available
UDG Lab,Thursday,08:00 - 08:50,0,Available
UDG Lab,Thursday,08:55 - 09:45,0,Available
UDG Lab,Thursday,10:15 - 11:05,0,Available
UDG Lab,Thursday,11:10 - 12:00,0,Available
UDG Lab,Thursday,13:00 - 14:00,0,Available
UDG Lab,Thursday,14:00 - 15:00,0,Available
UDG Lab,Thursday,15:00 - 16:00,0,Available
UDG Lab,Thursday,16:00 - 17:00,0,Available
UDG Lab,Thursday,17:00 - 17:45,0,Available
UDG Lab,Friday,08:00 - 08:50,0,Available
UDG Lab,Friday,08:55 - 09:45,0,Available
UDG Lab,Friday,10:15 - 11:05,0,Available
UDG Lab,Friday,11:10 - 12:00,0,Available
UDG Lab,Friday,13:00 - 14:00,0,Available
UDG Lab,Friday,14:00 - 15:00,0,Available
UDG Lab,Friday,15:00 - 16:00,0,Available
UDG Lab,Friday,16:00 - 17:00,0,Available
UDG Lab,Friday,17:00 - 17:45,0,Available
UDG Lab,Saturday,08:00 - 08:50,0,Available
UDG Lab,Saturday,08:55 - 09:45,0,Available
UDG Lab,Saturday,10:15 - 11:05,0,Available
UDG Lab,Saturday,11:10 - 12:00,0,Available
UDG Lab,Saturday,13:00 - 14:00,0,Available
UDG Lab,Saturday,14:00 - 15:00,0,Available
UDG Lab,Saturday,15:00 - 16:00,0,Available
UDG Lab,Saturday,16:00 - 17:00,0,Available
UDG Lab,Saturday,17:00 - 17:45,0,Available
UDG Lab,Sunday,08:00 - 08:50,0,Available
UDG Lab,Sunday,08:55 - 09:45,0,Available
UDG Lab,Sunday,10:15 - 11:05,0,Available
UDG Lab,Sunday,11:10 - 12:00,0,Available
UDG Lab,Sunday,13:00 - 14:00,0,Available
UDG Lab,Sunday,14:00 - 15:00,0,Available
UDG Lab,Sunday,15:00 - 16:00,0,Available
UDG Lab,Sunday,16:00 - 17:00,0,Available
UDG Lab,Sunday,17:00 - 17:45,0,Available
